<?xml version="1.0" encoding="UTF-8"?>
<beans xmlns="http://www.springframework.org/schema/beans"
	xmlns:context="http://www.springframework.org/schema/context" xmlns:p="http://www.springframework.org/schema/p"
	xmlns:aop="http://www.springframework.org/schema/aop" xmlns:tx="http://www.springframework.org/schema/tx"
	xmlns:xsi="http://www.w3.org/2001/XMLSchema-instance"
	xsi:schemaLocation="http://www.springframework.org/schema/beans http://www.springframework.org/schema/beans/spring-beans-4.0.xsd
	http://www.springframework.org/schema/context http://www.springframework.org/schema/context/spring-context-4.0.xsd
	http://www.springframework.org/schema/aop http://www.springframework.org/schema/aop/spring-aop-4.0.xsd http://www.springframework.org/schema/tx http://www.springframework.org/schema/tx/spring-tx-4.0.xsd
	http://www.springframework.org/schema/util http://www.springframework.org/schema/util/spring-util-4.0.xsd">

	<!-- 数据库连接池 -->
	<!-- 加载配置文件 -->
	<context:property-placeholder location="classpath:resource/*.properties" />
	<!-- 数据库连接池 -->
	<bean id="dataSource" class="com.alibaba.druid.pool.DruidDataSource"
		destroy-method="close">
		<property name="url" value="${jdbc.url}" />
		<property name="username" value="${jdbc.username}" />
		<property name="password" value="${jdbc.password}" />
		<property name="driverClassName" value="${jdbc.driver}" />
								<property name="initialSize" value="${druid.initialSize}" />
							<property name="minIdle" value="${druid.minIdle}" />
							<property name="maxActive" value="${druid.maxActive}" />
							<!-- 配置获取连接等待超时的时间 -->
							<property name="maxWait" value="${druid.maxWait}" />
							<!-- 配置间隔多久才进行一次检测，检测需要关闭的空闲连接，单位是毫秒 -->
							<property name="timeBetweenEvictionRunsMillis" value="${druid.timeBetweenEvictionRunsMillis}" />
							<!-- 配置一个连接在池中最小生存的时间，单位是毫秒 -->
							<property name="minEvictableIdleTimeMillis" value="${druid.minEvictableIdleTimeMillis}" />
							<property name="validationQuery" value="${druid.validationQuery}" />
							<property name="testWhileIdle" value="${druid.testWhileIdle}" />
							<property name="testOnBorrow" value="${druid.testOnBorrow}" />
							<property name="testOnReturn" value="${druid.testOnReturn}" />
							<!-- 打开PSCache，并且指定每个连接上PSCache的大小 如果用Oracle，则把poolPreparedStatements配置为true，mysql可以配置为false。 -->
							<property name="poolPreparedStatements" value="${druid.poolPreparedStatements}" />
							<property name="maxPoolPreparedStatementPerConnectionSize"
								value="${druid.maxPoolPreparedStatementPerConnectionSize}" />
							<!-- 配置监控统计拦截的filters -->
							<property name="filters" value="${druid.filters}" />

	</bean>
	<!-- 配置sqlsessionFactory -->
	<bean id="sqlSessionFactory" class="org.mybatis.spring.SqlSessionFactoryBean">
		<property name="configLocation" value="classpath:mybatis/SqlMapConfig.xml"></property>
		<property name="dataSource" ref="dataSource"></property>
	</bean>
	<!-- 配置扫描包，加载mapper代理对象 -->
	<bean class="org.mybatis.spring.mapper.MapperScannerConfigurer">
		<property name="basePackage" value="com.box.mapper"></property>
	</bean>
</beans>