<?xml version="1.0" encoding="UTF-8"?>
<beans xmlns="http://www.springframework.org/schema/beans"
	xmlns:context="http://www.springframework.org/schema/context" xmlns:p="http://www.springframework.org/schema/p"
	xmlns:aop="http://www.springframework.org/schema/aop" xmlns:tx="http://www.springframework.org/schema/tx"
	xmlns:xsi="http://www.w3.org/2001/XMLSchema-instance"
	xsi:schemaLocation="http://www.springframework.org/schema/beans http://www.springframework.org/schema/beans/spring-beans-4.0.xsd
	http://www.springframework.org/schema/context http://www.springframework.org/schema/context/spring-context-4.0.xsd
	http://www.springframework.org/schema/aop http://www.springframework.org/schema/aop/spring-aop-4.0.xsd http://www.springframework.org/schema/tx http://www.springframework.org/schema/tx/spring-tx-4.0.xsd
	http://www.springframework.org/schema/util http://www.springframework.org/schema/util/spring-util-4.0.xsd">

	
	
	
    
    
    
    
    
    	<bean id="shiroFilter" class="org.apache.shiro.spring.web.ShiroFilterFactoryBean">
		<!--  -->
		<property name="securityManager" ref="securityManager"/>
	<property name="loginUrl" value="/shiro/login"/>
	    <!-- 权限认证失败，则跳转到指定页面 -->  
	    <property name="successUrl" value="/admin/shiro/main"/>
	    <property name="unauthorizedUrl" value="/sys/refuse"/>  
		<property name="filterChainDefinitions">
		<!-- 过滤器链
		  认证：
		     	1 在页面输入lisi 123 被loginInterceptor urlInterceptor放行
		     	2 LogController中login方法收集页面表单中数据封装为User对象，调用service,调用dao来完成一个比对
		     		收集和组织表单数据，进行比对
			由多个过滤器构成，每个过滤器承担不同职责
			
			authc：认证过滤器-表单认证过滤器，收集表单数据，进行比对(CustomRealm中身份认证方法)
			logout:注销过滤器，此拦截器设置的url可以不对应一个真实存在controller方法
		 -->
			<value>
							
				   	/css/**=anon
				/js/**=anon
				/layui/**=anon
	             /admin/shiro/login=anon
	             /druid/**=anon
				/account/active=anon
				/admin/**=authc
			</value>
		</property>
	</bean>
	
	
	
	<!-- 安全管理器定义 -->
	<bean id="securityManager" class="org.apache.shiro.web.mgt.DefaultWebSecurityManager">
		<property name="realm" ref="customRealm"></property>		
		<!-- 注入session管理器 -->
		<property name="sessionManager" ref="sessionManager" />
	</bean>
	
	<!-- 会话管理器 -->
    <bean id="sessionManager" class="org.apache.shiro.web.session.mgt.DefaultWebSessionManager">
        <!-- session的失效时长（24小时），单位毫秒 -->
        <property name="globalSessionTimeout" value="86400000"/>
        <!-- 删除失效的session -->
        <property name="deleteInvalidSessions" value="true"/>
    </bean>
	
	
		<!-- 自定义Realm -->
	<bean id="customRealm" class="com.box.realm.MyRealm">
		
	</bean>
	

	
	

    
    
    
    
    
    
</beans>