<?xml version="1.0" encoding="UTF-8"?>
<beans xmlns="http://www.springframework.org/schema/beans"
	xmlns:xsi="http://www.w3.org/2001/XMLSchema-instance" xmlns:p="http://www.springframework.org/schema/p"
	xmlns:context="http://www.springframework.org/schema/context"
	xmlns:mvc="http://www.springframework.org/schema/mvc"
	xsi:schemaLocation="http://www.springframework.org/schema/beans http://www.springframework.org/schema/beans/spring-beans.xsd
        http://www.springframework.org/schema/mvc http://www.springframework.org/schema/mvc/spring-mvc-4.0.xsd
        http://www.springframework.org/schema/context http://www.springframework.org/schema/context/spring-context.xsd">
 
	<context:component-scan base-package="com.box.controller,com.box.annotation" />
	<mvc:annotation-driven />
	<bean
		class="org.springframework.web.servlet.view.InternalResourceViewResolver">
		<property name="prefix" value="/WEB-INF/jsp/" />
		<property name="suffix" value=".jsp" />
	</bean>
	<!-- 资源映射 -->
	<mvc:resources location="/WEB-INF/css/" mapping="/css/**"/>
	<mvc:resources location="/WEB-INF/js/" mapping="/js/**"/>
	<mvc:resources location="/WEB-INF/images/" mapping="/images/**"/>
	<mvc:resources location="/WEB-INF/layui/" mapping="/layui/**"/>

	
	<!-- 定义文件上传解析器 -->
	<bean id="multipartResolver"
		class="org.springframework.web.multipart.commons.CommonsMultipartResolver">
		<!-- 设定默认编码 -->
		<property name="defaultEncoding" value="UTF-8"></property>
		<!-- 设定文件上传的最大值5MB，5*1024*1024 -->
		<property name="maxUploadSize" value="5242880"></property>
	</bean>
	
	
	<!-- 开启shiro注解支持 -->
	<bean
		class="org.apache.shiro.spring.security.interceptor.AuthorizationAttributeSourceAdvisor">
		<property name="securityManager" ref="securityManager" />
	</bean>	
	<bean class="org.springframework.web.servlet.handler.SimpleMappingExceptionResolver">
    <property name="exceptionMappings">
        <props>
             <prop key="org.apache.shiro.authz.AuthorizationException">redirect:/sys/401</prop>  
            <prop key="org.apache.shiro.authz.UnauthorizedException">redirect:/sys/refuse</prop>
        </props>
    </property>
</bean>
	
	
	
</beans>