<?xml version="1.0" encoding="UTF-8" ?>
<!DOCTYPE mapper PUBLIC "-//mybatis.org//DTD Mapper 3.0//EN" "http://mybatis.org/dtd/mybatis-3-mapper.dtd" >
<mapper namespace="com.box.mapper.DbAdminMapper" >
  <resultMap id="BaseResultMap" type="com.box.entity.DbAdmin" >
    <id column="aid" property="aid" jdbcType="INTEGER" />
    <result column="username" property="username" jdbcType="VARCHAR" />
    <result column="password" property="password" jdbcType="VARCHAR" />
    <result column="alt" property="alt" jdbcType="VARCHAR" />
    <result column="photo" property="photo" jdbcType="VARCHAR" />
    <result column="realname" property="realname" jdbcType="VARCHAR" />
    <result column="idcardnum" property="idcardnum" jdbcType="BIGINT" />
    <result column="phonenumber" property="phonenumber" jdbcType="BIGINT" />
    <result column="localhost" property="localhost" jdbcType="VARCHAR" />
    <result column="systemname" property="systemname" jdbcType="VARCHAR" />
    <result column="status" property="status" jdbcType="BIGINT" />
    <result column="email" property="email" jdbcType="VARCHAR" />
    <result column="email_proxypass" property="emailProxypass" jdbcType="VARCHAR" />
    <result column="role_id" property="roleId" jdbcType="BIGINT" />
    <result column="createtime" property="createtime" jdbcType="TIMESTAMP" />
    <result column="updatetime" property="updatetime" jdbcType="TIMESTAMP" />
  </resultMap>
  <sql id="Example_Where_Clause" >
    <where >
      <foreach collection="oredCriteria" item="criteria" separator="or" >
        <if test="criteria.valid" >
          <trim prefix="(" suffix=")" prefixOverrides="and" >
            <foreach collection="criteria.criteria" item="criterion" >
              <choose >
                <when test="criterion.noValue" >
                  and ${criterion.condition}
                </when>
                <when test="criterion.singleValue" >
                  and ${criterion.condition} #{criterion.value}
                </when>
                <when test="criterion.betweenValue" >
                  and ${criterion.condition} #{criterion.value} and #{criterion.secondValue}
                </when>
                <when test="criterion.listValue" >
                  and ${criterion.condition}
                  <foreach collection="criterion.value" item="listItem" open="(" close=")" separator="," >
                    #{listItem}
                  </foreach>
                </when>
              </choose>
            </foreach>
          </trim>
        </if>
      </foreach>
    </where>
  </sql>
  <sql id="Update_By_Example_Where_Clause" >
    <where >
      <foreach collection="example.oredCriteria" item="criteria" separator="or" >
        <if test="criteria.valid" >
          <trim prefix="(" suffix=")" prefixOverrides="and" >
            <foreach collection="criteria.criteria" item="criterion" >
              <choose >
                <when test="criterion.noValue" >
                  and ${criterion.condition}
                </when>
                <when test="criterion.singleValue" >
                  and ${criterion.condition} #{criterion.value}
                </when>
                <when test="criterion.betweenValue" >
                  and ${criterion.condition} #{criterion.value} and #{criterion.secondValue}
                </when>
                <when test="criterion.listValue" >
                  and ${criterion.condition}
                  <foreach collection="criterion.value" item="listItem" open="(" close=")" separator="," >
                    #{listItem}
                  </foreach>
                </when>
              </choose>
            </foreach>
          </trim>
        </if>
      </foreach>
    </where>
  </sql>
  <sql id="Base_Column_List" >
    aid, username, password, alt, photo, realname, idcardnum, phonenumber, localhost, 
    systemname, status, email, email_proxypass, role_id, createtime, updatetime
  </sql>
  <select id="selectByExample" resultMap="BaseResultMap" parameterType="com.box.entity.DbAdminExample" >
    select
    <if test="distinct" >
      distinct
    </if>
    <include refid="Base_Column_List" />
    from db_admin
    <if test="_parameter != null" >
      <include refid="Example_Where_Clause" />
    </if>
    <if test="orderByClause != null" >
      order by ${orderByClause}
    </if>
  </select>
  <select id="selectByPrimaryKey" resultMap="BaseResultMap" parameterType="java.lang.Integer" >
    select 
    <include refid="Base_Column_List" />
    from db_admin
    where aid = #{aid,jdbcType=INTEGER}
  </select>
  <delete id="deleteByPrimaryKey" parameterType="java.lang.Integer" >
    delete from db_admin
    where aid = #{aid,jdbcType=INTEGER}
  </delete>
  <delete id="deleteByExample" parameterType="com.box.entity.DbAdminExample" >
    delete from db_admin
    <if test="_parameter != null" >
      <include refid="Example_Where_Clause" />
    </if>
  </delete>
  <insert id="insert" parameterType="com.box.entity.DbAdmin" >
    insert into db_admin (aid, username, password, 
      alt, photo, realname, 
      idcardnum, phonenumber, localhost, 
      systemname, status, email, 
      email_proxypass, role_id, createtime, 
      updatetime)
    values (#{aid,jdbcType=INTEGER}, #{username,jdbcType=VARCHAR}, #{password,jdbcType=VARCHAR}, 
      #{alt,jdbcType=VARCHAR}, #{photo,jdbcType=VARCHAR}, #{realname,jdbcType=VARCHAR}, 
      #{idcardnum,jdbcType=BIGINT}, #{phonenumber,jdbcType=BIGINT}, #{localhost,jdbcType=VARCHAR}, 
      #{systemname,jdbcType=VARCHAR}, #{status,jdbcType=BIGINT}, #{email,jdbcType=VARCHAR}, 
      #{emailProxypass,jdbcType=VARCHAR}, #{roleId,jdbcType=BIGINT}, #{createtime,jdbcType=TIMESTAMP}, 
      #{updatetime,jdbcType=TIMESTAMP})
  </insert>
  <insert id="insertSelective" parameterType="com.box.entity.DbAdmin" >
    insert into db_admin
    <trim prefix="(" suffix=")" suffixOverrides="," >
      <if test="aid != null" >
        aid,
      </if>
      <if test="username != null" >
        username,
      </if>
      <if test="password != null" >
        password,
      </if>
      <if test="alt != null" >
        alt,
      </if>
      <if test="photo != null" >
        photo,
      </if>
      <if test="realname != null" >
        realname,
      </if>
      <if test="idcardnum != null" >
        idcardnum,
      </if>
      <if test="phonenumber != null" >
        phonenumber,
      </if>
      <if test="localhost != null" >
        localhost,
      </if>
      <if test="systemname != null" >
        systemname,
      </if>
      <if test="status != null" >
        status,
      </if>
      <if test="email != null" >
        email,
      </if>
      <if test="emailProxypass != null" >
        email_proxypass,
      </if>
      <if test="roleId != null" >
        role_id,
      </if>
      <if test="createtime != null" >
        createtime,
      </if>
      <if test="updatetime != null" >
        updatetime,
      </if>
    </trim>
    <trim prefix="values (" suffix=")" suffixOverrides="," >
      <if test="aid != null" >
        #{aid,jdbcType=INTEGER},
      </if>
      <if test="username != null" >
        #{username,jdbcType=VARCHAR},
      </if>
      <if test="password != null" >
        #{password,jdbcType=VARCHAR},
      </if>
      <if test="alt != null" >
        #{alt,jdbcType=VARCHAR},
      </if>
      <if test="photo != null" >
        #{photo,jdbcType=VARCHAR},
      </if>
      <if test="realname != null" >
        #{realname,jdbcType=VARCHAR},
      </if>
      <if test="idcardnum != null" >
        #{idcardnum,jdbcType=BIGINT},
      </if>
      <if test="phonenumber != null" >
        #{phonenumber,jdbcType=BIGINT},
      </if>
      <if test="localhost != null" >
        #{localhost,jdbcType=VARCHAR},
      </if>
      <if test="systemname != null" >
        #{systemname,jdbcType=VARCHAR},
      </if>
      <if test="status != null" >
        #{status,jdbcType=BIGINT},
      </if>
      <if test="email != null" >
        #{email,jdbcType=VARCHAR},
      </if>
      <if test="emailProxypass != null" >
        #{emailProxypass,jdbcType=VARCHAR},
      </if>
      <if test="roleId != null" >
        #{roleId,jdbcType=BIGINT},
      </if>
      <if test="createtime != null" >
        #{createtime,jdbcType=TIMESTAMP},
      </if>
      <if test="updatetime != null" >
        #{updatetime,jdbcType=TIMESTAMP},
      </if>
    </trim>
  </insert>
  <select id="countByExample" parameterType="com.box.entity.DbAdminExample" resultType="java.lang.Integer" >
    select count(*) from db_admin
    <if test="_parameter != null" >
      <include refid="Example_Where_Clause" />
    </if>
  </select>
  <update id="updateByExampleSelective" parameterType="map" >
    update db_admin
    <set >
      <if test="record.aid != null" >
        aid = #{record.aid,jdbcType=INTEGER},
      </if>
      <if test="record.username != null" >
        username = #{record.username,jdbcType=VARCHAR},
      </if>
      <if test="record.password != null" >
        password = #{record.password,jdbcType=VARCHAR},
      </if>
      <if test="record.alt != null" >
        alt = #{record.alt,jdbcType=VARCHAR},
      </if>
      <if test="record.photo != null" >
        photo = #{record.photo,jdbcType=VARCHAR},
      </if>
      <if test="record.realname != null" >
        realname = #{record.realname,jdbcType=VARCHAR},
      </if>
      <if test="record.idcardnum != null" >
        idcardnum = #{record.idcardnum,jdbcType=BIGINT},
      </if>
      <if test="record.phonenumber != null" >
        phonenumber = #{record.phonenumber,jdbcType=BIGINT},
      </if>
      <if test="record.localhost != null" >
        localhost = #{record.localhost,jdbcType=VARCHAR},
      </if>
      <if test="record.systemname != null" >
        systemname = #{record.systemname,jdbcType=VARCHAR},
      </if>
      <if test="record.status != null" >
        status = #{record.status,jdbcType=BIGINT},
      </if>
      <if test="record.email != null" >
        email = #{record.email,jdbcType=VARCHAR},
      </if>
      <if test="record.emailProxypass != null" >
        email_proxypass = #{record.emailProxypass,jdbcType=VARCHAR},
      </if>
      <if test="record.roleId != null" >
        role_id = #{record.roleId,jdbcType=BIGINT},
      </if>
      <if test="record.createtime != null" >
        createtime = #{record.createtime,jdbcType=TIMESTAMP},
      </if>
      <if test="record.updatetime != null" >
        updatetime = #{record.updatetime,jdbcType=TIMESTAMP},
      </if>
    </set>
    <if test="_parameter != null" >
      <include refid="Update_By_Example_Where_Clause" />
    </if>
  </update>
  <update id="updateByExample" parameterType="map" >
    update db_admin
    set aid = #{record.aid,jdbcType=INTEGER},
      username = #{record.username,jdbcType=VARCHAR},
      password = #{record.password,jdbcType=VARCHAR},
      alt = #{record.alt,jdbcType=VARCHAR},
      photo = #{record.photo,jdbcType=VARCHAR},
      realname = #{record.realname,jdbcType=VARCHAR},
      idcardnum = #{record.idcardnum,jdbcType=BIGINT},
      phonenumber = #{record.phonenumber,jdbcType=BIGINT},
      localhost = #{record.localhost,jdbcType=VARCHAR},
      systemname = #{record.systemname,jdbcType=VARCHAR},
      status = #{record.status,jdbcType=BIGINT},
      email = #{record.email,jdbcType=VARCHAR},
      email_proxypass = #{record.emailProxypass,jdbcType=VARCHAR},
      role_id = #{record.roleId,jdbcType=BIGINT},
      createtime = #{record.createtime,jdbcType=TIMESTAMP},
      updatetime = #{record.updatetime,jdbcType=TIMESTAMP}
    <if test="_parameter != null" >
      <include refid="Update_By_Example_Where_Clause" />
    </if>
  </update>
  <update id="updateByPrimaryKeySelective" parameterType="com.box.entity.DbAdmin" >
    update db_admin
    <set >
      <if test="username != null" >
        username = #{username,jdbcType=VARCHAR},
      </if>
      <if test="password != null" >
        password = #{password,jdbcType=VARCHAR},
      </if>
      <if test="alt != null" >
        alt = #{alt,jdbcType=VARCHAR},
      </if>
      <if test="photo != null" >
        photo = #{photo,jdbcType=VARCHAR},
      </if>
      <if test="realname != null" >
        realname = #{realname,jdbcType=VARCHAR},
      </if>
      <if test="idcardnum != null" >
        idcardnum = #{idcardnum,jdbcType=BIGINT},
      </if>
      <if test="phonenumber != null" >
        phonenumber = #{phonenumber,jdbcType=BIGINT},
      </if>
      <if test="localhost != null" >
        localhost = #{localhost,jdbcType=VARCHAR},
      </if>
      <if test="systemname != null" >
        systemname = #{systemname,jdbcType=VARCHAR},
      </if>
      <if test="status != null" >
        status = #{status,jdbcType=BIGINT},
      </if>
      <if test="email != null" >
        email = #{email,jdbcType=VARCHAR},
      </if>
      <if test="emailProxypass != null" >
        email_proxypass = #{emailProxypass,jdbcType=VARCHAR},
      </if>
      <if test="roleId != null" >
        role_id = #{roleId,jdbcType=BIGINT},
      </if>
      <if test="createtime != null" >
        createtime = #{createtime,jdbcType=TIMESTAMP},
      </if>
      <if test="updatetime != null" >
        updatetime = #{updatetime,jdbcType=TIMESTAMP},
      </if>
    </set>
    where aid = #{aid,jdbcType=INTEGER}
  </update>
  <update id="updateByPrimaryKey" parameterType="com.box.entity.DbAdmin" >
    update db_admin
    set username = #{username,jdbcType=VARCHAR},
      password = #{password,jdbcType=VARCHAR},
      alt = #{alt,jdbcType=VARCHAR},
      photo = #{photo,jdbcType=VARCHAR},
      realname = #{realname,jdbcType=VARCHAR},
      idcardnum = #{idcardnum,jdbcType=BIGINT},
      phonenumber = #{phonenumber,jdbcType=BIGINT},
      localhost = #{localhost,jdbcType=VARCHAR},
      systemname = #{systemname,jdbcType=VARCHAR},
      status = #{status,jdbcType=BIGINT},
      email = #{email,jdbcType=VARCHAR},
      email_proxypass = #{emailProxypass,jdbcType=VARCHAR},
      role_id = #{roleId,jdbcType=BIGINT},
      createtime = #{createtime,jdbcType=TIMESTAMP},
      updatetime = #{updatetime,jdbcType=TIMESTAMP}
    where aid = #{aid,jdbcType=INTEGER}
  </update>
</mapper>