<?xml version="1.0" encoding="UTF-8" ?>
<!DOCTYPE mapper PUBLIC "-//mybatis.org//DTD Mapper 3.0//EN" "http://mybatis.org/dtd/mybatis-3-mapper.dtd" >
<mapper namespace="com.box.mapper.DbAdminlogMapper" >
  <resultMap id="BaseResultMap" type="com.box.entity.DbAdminlog" >
    <id column="id" property="id" jdbcType="INTEGER" />
    <result column="ip" property="ip" jdbcType="VARCHAR" />
    <result column="logtime" property="logtime" jdbcType="TIMESTAMP" />
    <result column="aid" property="aid" jdbcType="INTEGER" />
    <result column="computeraddress" property="computeraddress" jdbcType="VARCHAR" />
  </resultMap>
  <sql id="Example_Where_Clause" >
    <where >
      <foreach collection="oredCriteria" item="criteria" separator="or" >
        <if test="criteria.valid" >
          <trim prefix="(" suffix=")" prefixOverrides="and" >
            <foreach collection="criteria.criteria" item="criterion" >
              <choose >
                <when test="criterion.noValue" >
                  and ${criterion.condition}
                </when>
                <when test="criterion.singleValue" >
                  and ${criterion.condition} #{criterion.value}
                </when>
                <when test="criterion.betweenValue" >
                  and ${criterion.condition} #{criterion.value} and #{criterion.secondValue}
                </when>
                <when test="criterion.listValue" >
                  and ${criterion.condition}
                  <foreach collection="criterion.value" item="listItem" open="(" close=")" separator="," >
                    #{listItem}
                  </foreach>
                </when>
              </choose>
            </foreach>
          </trim>
        </if>
      </foreach>
    </where>
  </sql>
  <sql id="Update_By_Example_Where_Clause" >
    <where >
      <foreach collection="example.oredCriteria" item="criteria" separator="or" >
        <if test="criteria.valid" >
          <trim prefix="(" suffix=")" prefixOverrides="and" >
            <foreach collection="criteria.criteria" item="criterion" >
              <choose >
                <when test="criterion.noValue" >
                  and ${criterion.condition}
                </when>
                <when test="criterion.singleValue" >
                  and ${criterion.condition} #{criterion.value}
                </when>
                <when test="criterion.betweenValue" >
                  and ${criterion.condition} #{criterion.value} and #{criterion.secondValue}
                </when>
                <when test="criterion.listValue" >
                  and ${criterion.condition}
                  <foreach collection="criterion.value" item="listItem" open="(" close=")" separator="," >
                    #{listItem}
                  </foreach>
                </when>
              </choose>
            </foreach>
          </trim>
        </if>
      </foreach>
    </where>
  </sql>
  <sql id="Base_Column_List" >
    id, ip, logtime, aid, computeraddress
  </sql>
  <select id="selectByExample" resultMap="BaseResultMap" parameterType="com.box.entity.DbAdminlogExample" >
    select
    <if test="distinct" >
      distinct
    </if>
    <include refid="Base_Column_List" />
    from db_adminlog
    <if test="_parameter != null" >
      <include refid="Example_Where_Clause" />
    </if>
    <if test="orderByClause != null" >
      order by ${orderByClause}
    </if>
  </select>
  <select id="selectByPrimaryKey" resultMap="BaseResultMap" parameterType="java.lang.Integer" >
    select 
    <include refid="Base_Column_List" />
    from db_adminlog
    where id = #{id,jdbcType=INTEGER}
  </select>
  <delete id="deleteByPrimaryKey" parameterType="java.lang.Integer" >
    delete from db_adminlog
    where id = #{id,jdbcType=INTEGER}
  </delete>
  <delete id="deleteByExample" parameterType="com.box.entity.DbAdminlogExample" >
    delete from db_adminlog
    <if test="_parameter != null" >
      <include refid="Example_Where_Clause" />
    </if>
  </delete>
  <insert id="insert" parameterType="com.box.entity.DbAdminlog" >
    insert into db_adminlog (id, ip, logtime, 
      aid, computeraddress)
    values (#{id,jdbcType=INTEGER}, #{ip,jdbcType=VARCHAR}, #{logtime,jdbcType=TIMESTAMP}, 
      #{aid,jdbcType=INTEGER}, #{computeraddress,jdbcType=VARCHAR})
  </insert>
  <insert id="insertSelective" parameterType="com.box.entity.DbAdminlog" >
    insert into db_adminlog
    <trim prefix="(" suffix=")" suffixOverrides="," >
      <if test="id != null" >
        id,
      </if>
      <if test="ip != null" >
        ip,
      </if>
      <if test="logtime != null" >
        logtime,
      </if>
      <if test="aid != null" >
        aid,
      </if>
      <if test="computeraddress != null" >
        computeraddress,
      </if>
    </trim>
    <trim prefix="values (" suffix=")" suffixOverrides="," >
      <if test="id != null" >
        #{id,jdbcType=INTEGER},
      </if>
      <if test="ip != null" >
        #{ip,jdbcType=VARCHAR},
      </if>
      <if test="logtime != null" >
        #{logtime,jdbcType=TIMESTAMP},
      </if>
      <if test="aid != null" >
        #{aid,jdbcType=INTEGER},
      </if>
      <if test="computeraddress != null" >
        #{computeraddress,jdbcType=VARCHAR},
      </if>
    </trim>
  </insert>
  <select id="countByExample" parameterType="com.box.entity.DbAdminlogExample" resultType="java.lang.Integer" >
    select count(*) from db_adminlog
    <if test="_parameter != null" >
      <include refid="Example_Where_Clause" />
    </if>
  </select>
  <update id="updateByExampleSelective" parameterType="map" >
    update db_adminlog
    <set >
      <if test="record.id != null" >
        id = #{record.id,jdbcType=INTEGER},
      </if>
      <if test="record.ip != null" >
        ip = #{record.ip,jdbcType=VARCHAR},
      </if>
      <if test="record.logtime != null" >
        logtime = #{record.logtime,jdbcType=TIMESTAMP},
      </if>
      <if test="record.aid != null" >
        aid = #{record.aid,jdbcType=INTEGER},
      </if>
      <if test="record.computeraddress != null" >
        computeraddress = #{record.computeraddress,jdbcType=VARCHAR},
      </if>
    </set>
    <if test="_parameter != null" >
      <include refid="Update_By_Example_Where_Clause" />
    </if>
  </update>
  <update id="updateByExample" parameterType="map" >
    update db_adminlog
    set id = #{record.id,jdbcType=INTEGER},
      ip = #{record.ip,jdbcType=VARCHAR},
      logtime = #{record.logtime,jdbcType=TIMESTAMP},
      aid = #{record.aid,jdbcType=INTEGER},
      computeraddress = #{record.computeraddress,jdbcType=VARCHAR}
    <if test="_parameter != null" >
      <include refid="Update_By_Example_Where_Clause" />
    </if>
  </update>
  <update id="updateByPrimaryKeySelective" parameterType="com.box.entity.DbAdminlog" >
    update db_adminlog
    <set >
      <if test="ip != null" >
        ip = #{ip,jdbcType=VARCHAR},
      </if>
      <if test="logtime != null" >
        logtime = #{logtime,jdbcType=TIMESTAMP},
      </if>
      <if test="aid != null" >
        aid = #{aid,jdbcType=INTEGER},
      </if>
      <if test="computeraddress != null" >
        computeraddress = #{computeraddress,jdbcType=VARCHAR},
      </if>
    </set>
    where id = #{id,jdbcType=INTEGER}
  </update>
  <update id="updateByPrimaryKey" parameterType="com.box.entity.DbAdminlog" >
    update db_adminlog
    set ip = #{ip,jdbcType=VARCHAR},
      logtime = #{logtime,jdbcType=TIMESTAMP},
      aid = #{aid,jdbcType=INTEGER},
      computeraddress = #{computeraddress,jdbcType=VARCHAR}
    where id = #{id,jdbcType=INTEGER}
  </update>
</mapper>