<?xml version="1.0" encoding="UTF-8" ?>
<!DOCTYPE mapper PUBLIC "-//mybatis.org//DTD Mapper 3.0//EN" "http://mybatis.org/dtd/mybatis-3-mapper.dtd" >
<mapper namespace="com.box.mapper.DbAdviceMapper" >
  <resultMap id="BaseResultMap" type="com.box.entity.DbAdvice" >
    <id column="advid" property="advid" jdbcType="INTEGER" />
    <result column="advtitle" property="advtitle" jdbcType="VARCHAR" />
    <result column="advcontent" property="advcontent" jdbcType="VARCHAR" />
    <result column="aid" property="aid" jdbcType="INTEGER" />
    <result column="advimg" property="advimg" jdbcType="VARCHAR" />
    <result column="advdescribe" property="advdescribe" jdbcType="VARCHAR" />
    <result column="updatetime" property="updatetime" jdbcType="TIMESTAMP" />
  </resultMap>
  <sql id="Example_Where_Clause" >
    <where >
      <foreach collection="oredCriteria" item="criteria" separator="or" >
        <if test="criteria.valid" >
          <trim prefix="(" suffix=")" prefixOverrides="and" >
            <foreach collection="criteria.criteria" item="criterion" >
              <choose >
                <when test="criterion.noValue" >
                  and ${criterion.condition}
                </when>
                <when test="criterion.singleValue" >
                  and ${criterion.condition} #{criterion.value}
                </when>
                <when test="criterion.betweenValue" >
                  and ${criterion.condition} #{criterion.value} and #{criterion.secondValue}
                </when>
                <when test="criterion.listValue" >
                  and ${criterion.condition}
                  <foreach collection="criterion.value" item="listItem" open="(" close=")" separator="," >
                    #{listItem}
                  </foreach>
                </when>
              </choose>
            </foreach>
          </trim>
        </if>
      </foreach>
    </where>
  </sql>
  <sql id="Update_By_Example_Where_Clause" >
    <where >
      <foreach collection="example.oredCriteria" item="criteria" separator="or" >
        <if test="criteria.valid" >
          <trim prefix="(" suffix=")" prefixOverrides="and" >
            <foreach collection="criteria.criteria" item="criterion" >
              <choose >
                <when test="criterion.noValue" >
                  and ${criterion.condition}
                </when>
                <when test="criterion.singleValue" >
                  and ${criterion.condition} #{criterion.value}
                </when>
                <when test="criterion.betweenValue" >
                  and ${criterion.condition} #{criterion.value} and #{criterion.secondValue}
                </when>
                <when test="criterion.listValue" >
                  and ${criterion.condition}
                  <foreach collection="criterion.value" item="listItem" open="(" close=")" separator="," >
                    #{listItem}
                  </foreach>
                </when>
              </choose>
            </foreach>
          </trim>
        </if>
      </foreach>
    </where>
  </sql>
  <sql id="Base_Column_List" >
    advid, advtitle, advcontent, aid, advimg, advdescribe, updatetime
  </sql>
  <select id="selectByExample" resultMap="BaseResultMap" parameterType="com.box.entity.DbAdviceExample" >
    select
    <if test="distinct" >
      distinct
    </if>
    <include refid="Base_Column_List" />
    from db_advice
    <if test="_parameter != null" >
      <include refid="Example_Where_Clause" />
    </if>
    <if test="orderByClause != null" >
      order by ${orderByClause}
    </if>
  </select>
  <select id="selectByPrimaryKey" resultMap="BaseResultMap" parameterType="java.lang.Integer" >
    select 
    <include refid="Base_Column_List" />
    from db_advice
    where advid = #{advid,jdbcType=INTEGER}
  </select>
  <delete id="deleteByPrimaryKey" parameterType="java.lang.Integer" >
    delete from db_advice
    where advid = #{advid,jdbcType=INTEGER}
  </delete>
  <delete id="deleteByExample" parameterType="com.box.entity.DbAdviceExample" >
    delete from db_advice
    <if test="_parameter != null" >
      <include refid="Example_Where_Clause" />
    </if>
  </delete>
  <insert id="insert" parameterType="com.box.entity.DbAdvice" >
    insert into db_advice (advid, advtitle, advcontent, 
      aid, advimg, advdescribe, 
      updatetime)
    values (#{advid,jdbcType=INTEGER}, #{advtitle,jdbcType=VARCHAR}, #{advcontent,jdbcType=VARCHAR}, 
      #{aid,jdbcType=INTEGER}, #{advimg,jdbcType=VARCHAR}, #{advdescribe,jdbcType=VARCHAR}, 
      #{updatetime,jdbcType=TIMESTAMP})
  </insert>
  <insert id="insertSelective" parameterType="com.box.entity.DbAdvice" >
    insert into db_advice
    <trim prefix="(" suffix=")" suffixOverrides="," >
      <if test="advid != null" >
        advid,
      </if>
      <if test="advtitle != null" >
        advtitle,
      </if>
      <if test="advcontent != null" >
        advcontent,
      </if>
      <if test="aid != null" >
        aid,
      </if>
      <if test="advimg != null" >
        advimg,
      </if>
      <if test="advdescribe != null" >
        advdescribe,
      </if>
      <if test="updatetime != null" >
        updatetime,
      </if>
    </trim>
    <trim prefix="values (" suffix=")" suffixOverrides="," >
      <if test="advid != null" >
        #{advid,jdbcType=INTEGER},
      </if>
      <if test="advtitle != null" >
        #{advtitle,jdbcType=VARCHAR},
      </if>
      <if test="advcontent != null" >
        #{advcontent,jdbcType=VARCHAR},
      </if>
      <if test="aid != null" >
        #{aid,jdbcType=INTEGER},
      </if>
      <if test="advimg != null" >
        #{advimg,jdbcType=VARCHAR},
      </if>
      <if test="advdescribe != null" >
        #{advdescribe,jdbcType=VARCHAR},
      </if>
      <if test="updatetime != null" >
        #{updatetime,jdbcType=TIMESTAMP},
      </if>
    </trim>
  </insert>
  <select id="countByExample" parameterType="com.box.entity.DbAdviceExample" resultType="java.lang.Integer" >
    select count(*) from db_advice
    <if test="_parameter != null" >
      <include refid="Example_Where_Clause" />
    </if>
  </select>
  <update id="updateByExampleSelective" parameterType="map" >
    update db_advice
    <set >
      <if test="record.advid != null" >
        advid = #{record.advid,jdbcType=INTEGER},
      </if>
      <if test="record.advtitle != null" >
        advtitle = #{record.advtitle,jdbcType=VARCHAR},
      </if>
      <if test="record.advcontent != null" >
        advcontent = #{record.advcontent,jdbcType=VARCHAR},
      </if>
      <if test="record.aid != null" >
        aid = #{record.aid,jdbcType=INTEGER},
      </if>
      <if test="record.advimg != null" >
        advimg = #{record.advimg,jdbcType=VARCHAR},
      </if>
      <if test="record.advdescribe != null" >
        advdescribe = #{record.advdescribe,jdbcType=VARCHAR},
      </if>
      <if test="record.updatetime != null" >
        updatetime = #{record.updatetime,jdbcType=TIMESTAMP},
      </if>
    </set>
    <if test="_parameter != null" >
      <include refid="Update_By_Example_Where_Clause" />
    </if>
  </update>
  <update id="updateByExample" parameterType="map" >
    update db_advice
    set advid = #{record.advid,jdbcType=INTEGER},
      advtitle = #{record.advtitle,jdbcType=VARCHAR},
      advcontent = #{record.advcontent,jdbcType=VARCHAR},
      aid = #{record.aid,jdbcType=INTEGER},
      advimg = #{record.advimg,jdbcType=VARCHAR},
      advdescribe = #{record.advdescribe,jdbcType=VARCHAR},
      updatetime = #{record.updatetime,jdbcType=TIMESTAMP}
    <if test="_parameter != null" >
      <include refid="Update_By_Example_Where_Clause" />
    </if>
  </update>
  <update id="updateByPrimaryKeySelective" parameterType="com.box.entity.DbAdvice" >
    update db_advice
    <set >
      <if test="advtitle != null" >
        advtitle = #{advtitle,jdbcType=VARCHAR},
      </if>
      <if test="advcontent != null" >
        advcontent = #{advcontent,jdbcType=VARCHAR},
      </if>
      <if test="aid != null" >
        aid = #{aid,jdbcType=INTEGER},
      </if>
      <if test="advimg != null" >
        advimg = #{advimg,jdbcType=VARCHAR},
      </if>
      <if test="advdescribe != null" >
        advdescribe = #{advdescribe,jdbcType=VARCHAR},
      </if>
      <if test="updatetime != null" >
        updatetime = #{updatetime,jdbcType=TIMESTAMP},
      </if>
    </set>
    where advid = #{advid,jdbcType=INTEGER}
  </update>
  <update id="updateByPrimaryKey" parameterType="com.box.entity.DbAdvice" >
    update db_advice
    set advtitle = #{advtitle,jdbcType=VARCHAR},
      advcontent = #{advcontent,jdbcType=VARCHAR},
      aid = #{aid,jdbcType=INTEGER},
      advimg = #{advimg,jdbcType=VARCHAR},
      advdescribe = #{advdescribe,jdbcType=VARCHAR},
      updatetime = #{updatetime,jdbcType=TIMESTAMP}
    where advid = #{advid,jdbcType=INTEGER}
  </update>
</mapper>