<?xml version="1.0" encoding="UTF-8" ?>
<!DOCTYPE mapper PUBLIC "-//mybatis.org//DTD Mapper 3.0//EN" "http://mybatis.org/dtd/mybatis-3-mapper.dtd" >
<mapper namespace="com.box.mapper.DbAdminAndDbAdminlogMapper" >
  <resultMap id="BaseResultMap" type="com.box.entity.ResultAdminLog" >
    
    <result column="username" property="username" jdbcType="VARCHAR" />
       <result column="realname" property="realname" jdbcType="VARCHAR" />   
    <result column="ip" property="ip" jdbcType="VARCHAR" />
    <result column="logtime" property="logtime" jdbcType="TIMESTAMP" />
    <result column="computeraddress" property="computeraddress" jdbcType="VARCHAR" />
    
  </resultMap>
  
  <select id="selectByManyTable" resultMap="BaseResultMap" parameterType="java.lang.Integer" >
    select    db_admin.username,db_admin.realname,db_adminlog.ip,db_adminlog.logtime,db_adminlog.computeraddress
    from db_admin LEFT JOIN db_adminlog ON db_admin.aid=db_adminlog.aid WHERE db_admin.aid=#{aid,jdbcType=INTEGER};
   </select>
</mapper>