<?xml version="1.0" encoding="UTF-8" ?>
<!DOCTYPE mapper PUBLIC "-//mybatis.org//DTD Mapper 3.0//EN" "http://mybatis.org/dtd/mybatis-3-mapper.dtd" >
<mapper namespace="com.box.mapper.DbAlbumMapper" >
  <resultMap id="BaseResultMap" type="com.box.entity.DbAlbum" >
    <id column="alid" property="alid" jdbcType="INTEGER" />
    <result column="uid" property="uid" jdbcType="INTEGER" />
    <result column="altitle" property="altitle" jdbcType="VARCHAR" />
    <result column="alt" property="alt" jdbcType="VARCHAR" />
    <result column="src" property="src" jdbcType="VARCHAR" />
    <result column="message" property="message" jdbcType="VARCHAR" />
    <result column="upperid" property="upperid" jdbcType="BIGINT" />
    <result column="creatime" property="creatime" jdbcType="TIMESTAMP" />
  </resultMap>
  <sql id="Example_Where_Clause" >
    <where >
      <foreach collection="oredCriteria" item="criteria" separator="or" >
        <if test="criteria.valid" >
          <trim prefix="(" suffix=")" prefixOverrides="and" >
            <foreach collection="criteria.criteria" item="criterion" >
              <choose >
                <when test="criterion.noValue" >
                  and ${criterion.condition}
                </when>
                <when test="criterion.singleValue" >
                  and ${criterion.condition} #{criterion.value}
                </when>
                <when test="criterion.betweenValue" >
                  and ${criterion.condition} #{criterion.value} and #{criterion.secondValue}
                </when>
                <when test="criterion.listValue" >
                  and ${criterion.condition}
                  <foreach collection="criterion.value" item="listItem" open="(" close=")" separator="," >
                    #{listItem}
                  </foreach>
                </when>
              </choose>
            </foreach>
          </trim>
        </if>
      </foreach>
    </where>
  </sql>
  <sql id="Update_By_Example_Where_Clause" >
    <where >
      <foreach collection="example.oredCriteria" item="criteria" separator="or" >
        <if test="criteria.valid" >
          <trim prefix="(" suffix=")" prefixOverrides="and" >
            <foreach collection="criteria.criteria" item="criterion" >
              <choose >
                <when test="criterion.noValue" >
                  and ${criterion.condition}
                </when>
                <when test="criterion.singleValue" >
                  and ${criterion.condition} #{criterion.value}
                </when>
                <when test="criterion.betweenValue" >
                  and ${criterion.condition} #{criterion.value} and #{criterion.secondValue}
                </when>
                <when test="criterion.listValue" >
                  and ${criterion.condition}
                  <foreach collection="criterion.value" item="listItem" open="(" close=")" separator="," >
                    #{listItem}
                  </foreach>
                </when>
              </choose>
            </foreach>
          </trim>
        </if>
      </foreach>
    </where>
  </sql>
  <sql id="Base_Column_List" >
    alid, uid, altitle, alt, src, message, upperid, creatime
  </sql>
  <select id="selectByExample" resultMap="BaseResultMap" parameterType="com.box.entity.DbAlbumExample" >
    select
    <if test="distinct" >
      distinct
    </if>
    <include refid="Base_Column_List" />
    from db_album
    <if test="_parameter != null" >
      <include refid="Example_Where_Clause" />
    </if>
    <if test="orderByClause != null" >
      order by ${orderByClause}
    </if>
  </select>
  <select id="selectByPrimaryKey" resultMap="BaseResultMap" parameterType="java.lang.Integer" >
    select 
    <include refid="Base_Column_List" />
    from db_album
    where alid = #{alid,jdbcType=INTEGER}
  </select>
  <delete id="deleteByPrimaryKey" parameterType="java.lang.Integer" >
    delete from db_album
    where alid = #{alid,jdbcType=INTEGER}
  </delete>
  <delete id="deleteByExample" parameterType="com.box.entity.DbAlbumExample" >
    delete from db_album
    <if test="_parameter != null" >
      <include refid="Example_Where_Clause" />
    </if>
  </delete>
  <insert id="insert" parameterType="com.box.entity.DbAlbum" >
    insert into db_album (alid, uid, altitle, 
      alt, src, message, 
      upperid, creatime)
    values (#{alid,jdbcType=INTEGER}, #{uid,jdbcType=INTEGER}, #{altitle,jdbcType=VARCHAR}, 
      #{alt,jdbcType=VARCHAR}, #{src,jdbcType=VARCHAR}, #{message,jdbcType=VARCHAR}, 
      #{upperid,jdbcType=BIGINT}, #{creatime,jdbcType=TIMESTAMP})
  </insert>
  <insert id="insertSelective" parameterType="com.box.entity.DbAlbum" >
    insert into db_album
    <trim prefix="(" suffix=")" suffixOverrides="," >
      <if test="alid != null" >
        alid,
      </if>
      <if test="uid != null" >
        uid,
      </if>
      <if test="altitle != null" >
        altitle,
      </if>
      <if test="alt != null" >
        alt,
      </if>
      <if test="src != null" >
        src,
      </if>
      <if test="message != null" >
        message,
      </if>
      <if test="upperid != null" >
        upperid,
      </if>
      <if test="creatime != null" >
        creatime,
      </if>
    </trim>
    <trim prefix="values (" suffix=")" suffixOverrides="," >
      <if test="alid != null" >
        #{alid,jdbcType=INTEGER},
      </if>
      <if test="uid != null" >
        #{uid,jdbcType=INTEGER},
      </if>
      <if test="altitle != null" >
        #{altitle,jdbcType=VARCHAR},
      </if>
      <if test="alt != null" >
        #{alt,jdbcType=VARCHAR},
      </if>
      <if test="src != null" >
        #{src,jdbcType=VARCHAR},
      </if>
      <if test="message != null" >
        #{message,jdbcType=VARCHAR},
      </if>
      <if test="upperid != null" >
        #{upperid,jdbcType=BIGINT},
      </if>
      <if test="creatime != null" >
        #{creatime,jdbcType=TIMESTAMP},
      </if>
    </trim>
  </insert>
  <select id="countByExample" parameterType="com.box.entity.DbAlbumExample" resultType="java.lang.Integer" >
    select count(*) from db_album
    <if test="_parameter != null" >
      <include refid="Example_Where_Clause" />
    </if>
  </select>
  <update id="updateByExampleSelective" parameterType="map" >
    update db_album
    <set >
      <if test="record.alid != null" >
        alid = #{record.alid,jdbcType=INTEGER},
      </if>
      <if test="record.uid != null" >
        uid = #{record.uid,jdbcType=INTEGER},
      </if>
      <if test="record.altitle != null" >
        altitle = #{record.altitle,jdbcType=VARCHAR},
      </if>
      <if test="record.alt != null" >
        alt = #{record.alt,jdbcType=VARCHAR},
      </if>
      <if test="record.src != null" >
        src = #{record.src,jdbcType=VARCHAR},
      </if>
      <if test="record.message != null" >
        message = #{record.message,jdbcType=VARCHAR},
      </if>
      <if test="record.upperid != null" >
        upperid = #{record.upperid,jdbcType=BIGINT},
      </if>
      <if test="record.creatime != null" >
        creatime = #{record.creatime,jdbcType=TIMESTAMP},
      </if>
    </set>
    <if test="_parameter != null" >
      <include refid="Update_By_Example_Where_Clause" />
    </if>
  </update>
  <update id="updateByExample" parameterType="map" >
    update db_album
    set alid = #{record.alid,jdbcType=INTEGER},
      uid = #{record.uid,jdbcType=INTEGER},
      altitle = #{record.altitle,jdbcType=VARCHAR},
      alt = #{record.alt,jdbcType=VARCHAR},
      src = #{record.src,jdbcType=VARCHAR},
      message = #{record.message,jdbcType=VARCHAR},
      upperid = #{record.upperid,jdbcType=BIGINT},
      creatime = #{record.creatime,jdbcType=TIMESTAMP}
    <if test="_parameter != null" >
      <include refid="Update_By_Example_Where_Clause" />
    </if>
  </update>
  <update id="updateByPrimaryKeySelective" parameterType="com.box.entity.DbAlbum" >
    update db_album
    <set >
      <if test="uid != null" >
        uid = #{uid,jdbcType=INTEGER},
      </if>
      <if test="altitle != null" >
        altitle = #{altitle,jdbcType=VARCHAR},
      </if>
      <if test="alt != null" >
        alt = #{alt,jdbcType=VARCHAR},
      </if>
      <if test="src != null" >
        src = #{src,jdbcType=VARCHAR},
      </if>
      <if test="message != null" >
        message = #{message,jdbcType=VARCHAR},
      </if>
      <if test="upperid != null" >
        upperid = #{upperid,jdbcType=BIGINT},
      </if>
      <if test="creatime != null" >
        creatime = #{creatime,jdbcType=TIMESTAMP},
      </if>
    </set>
    where alid = #{alid,jdbcType=INTEGER}
  </update>
  <update id="updateByPrimaryKey" parameterType="com.box.entity.DbAlbum" >
    update db_album
    set uid = #{uid,jdbcType=INTEGER},
      altitle = #{altitle,jdbcType=VARCHAR},
      alt = #{alt,jdbcType=VARCHAR},
      src = #{src,jdbcType=VARCHAR},
      message = #{message,jdbcType=VARCHAR},
      upperid = #{upperid,jdbcType=BIGINT},
      creatime = #{creatime,jdbcType=TIMESTAMP}
    where alid = #{alid,jdbcType=INTEGER}
  </update>
</mapper>