<?xml version="1.0" encoding="UTF-8" ?>
<!DOCTYPE mapper PUBLIC "-//mybatis.org//DTD Mapper 3.0//EN" "http://mybatis.org/dtd/mybatis-3-mapper.dtd" >
<mapper namespace="com.box.mapper.DbArticletypeMapper" >
  <resultMap id="BaseResultMap" type="com.box.entity.DbArticletype" >
    <id column="id" property="id" jdbcType="INTEGER" />
    <result column="typname" property="typname" jdbcType="VARCHAR" />
    <result column="typdes" property="typdes" jdbcType="VARCHAR" />
    <result column="typeclicks" property="typeclicks" jdbcType="INTEGER" />
  </resultMap>
  <sql id="Example_Where_Clause" >
    <where >
      <foreach collection="oredCriteria" item="criteria" separator="or" >
        <if test="criteria.valid" >
          <trim prefix="(" suffix=")" prefixOverrides="and" >
            <foreach collection="criteria.criteria" item="criterion" >
              <choose >
                <when test="criterion.noValue" >
                  and ${criterion.condition}
                </when>
                <when test="criterion.singleValue" >
                  and ${criterion.condition} #{criterion.value}
                </when>
                <when test="criterion.betweenValue" >
                  and ${criterion.condition} #{criterion.value} and #{criterion.secondValue}
                </when>
                <when test="criterion.listValue" >
                  and ${criterion.condition}
                  <foreach collection="criterion.value" item="listItem" open="(" close=")" separator="," >
                    #{listItem}
                  </foreach>
                </when>
              </choose>
            </foreach>
          </trim>
        </if>
      </foreach>
    </where>
  </sql>
  <sql id="Update_By_Example_Where_Clause" >
    <where >
      <foreach collection="example.oredCriteria" item="criteria" separator="or" >
        <if test="criteria.valid" >
          <trim prefix="(" suffix=")" prefixOverrides="and" >
            <foreach collection="criteria.criteria" item="criterion" >
              <choose >
                <when test="criterion.noValue" >
                  and ${criterion.condition}
                </when>
                <when test="criterion.singleValue" >
                  and ${criterion.condition} #{criterion.value}
                </when>
                <when test="criterion.betweenValue" >
                  and ${criterion.condition} #{criterion.value} and #{criterion.secondValue}
                </when>
                <when test="criterion.listValue" >
                  and ${criterion.condition}
                  <foreach collection="criterion.value" item="listItem" open="(" close=")" separator="," >
                    #{listItem}
                  </foreach>
                </when>
              </choose>
            </foreach>
          </trim>
        </if>
      </foreach>
    </where>
  </sql>
  <sql id="Base_Column_List" >
    id, typname, typdes, typeclicks
  </sql>
  <select id="selectByExample" resultMap="BaseResultMap" parameterType="com.box.entity.DbArticletypeExample" >
    select
    <if test="distinct" >
      distinct
    </if>
    <include refid="Base_Column_List" />
    from db_articletype
    <if test="_parameter != null" >
      <include refid="Example_Where_Clause" />
    </if>
    <if test="orderByClause != null" >
      order by ${orderByClause}
    </if>
  </select>
  <select id="selectByPrimaryKey" resultMap="BaseResultMap" parameterType="java.lang.Integer" >
    select 
    <include refid="Base_Column_List" />
    from db_articletype
    where id = #{id,jdbcType=INTEGER}
  </select>
  <delete id="deleteByPrimaryKey" parameterType="java.lang.Integer" >
    delete from db_articletype
    where id = #{id,jdbcType=INTEGER}
  </delete>
  <delete id="deleteByExample" parameterType="com.box.entity.DbArticletypeExample" >
    delete from db_articletype
    <if test="_parameter != null" >
      <include refid="Example_Where_Clause" />
    </if>
  </delete>
  <insert id="insert" parameterType="com.box.entity.DbArticletype" >
    insert into db_articletype (id, typname, typdes, 
      typeclicks)
    values (#{id,jdbcType=INTEGER}, #{typname,jdbcType=VARCHAR}, #{typdes,jdbcType=VARCHAR}, 
      #{typeclicks,jdbcType=INTEGER})
  </insert>
  <insert id="insertSelective" parameterType="com.box.entity.DbArticletype" >
    insert into db_articletype
    <trim prefix="(" suffix=")" suffixOverrides="," >
      <if test="id != null" >
        id,
      </if>
      <if test="typname != null" >
        typname,
      </if>
      <if test="typdes != null" >
        typdes,
      </if>
      <if test="typeclicks != null" >
        typeclicks,
      </if>
    </trim>
    <trim prefix="values (" suffix=")" suffixOverrides="," >
      <if test="id != null" >
        #{id,jdbcType=INTEGER},
      </if>
      <if test="typname != null" >
        #{typname,jdbcType=VARCHAR},
      </if>
      <if test="typdes != null" >
        #{typdes,jdbcType=VARCHAR},
      </if>
      <if test="typeclicks != null" >
        #{typeclicks,jdbcType=INTEGER},
      </if>
    </trim>
  </insert>
  <select id="countByExample" parameterType="com.box.entity.DbArticletypeExample" resultType="java.lang.Integer" >
    select count(*) from db_articletype
    <if test="_parameter != null" >
      <include refid="Example_Where_Clause" />
    </if>
  </select>
  <update id="updateByExampleSelective" parameterType="map" >
    update db_articletype
    <set >
      <if test="record.id != null" >
        id = #{record.id,jdbcType=INTEGER},
      </if>
      <if test="record.typname != null" >
        typname = #{record.typname,jdbcType=VARCHAR},
      </if>
      <if test="record.typdes != null" >
        typdes = #{record.typdes,jdbcType=VARCHAR},
      </if>
      <if test="record.typeclicks != null" >
        typeclicks = #{record.typeclicks,jdbcType=INTEGER},
      </if>
    </set>
    <if test="_parameter != null" >
      <include refid="Update_By_Example_Where_Clause" />
    </if>
  </update>
  <update id="updateByExample" parameterType="map" >
    update db_articletype
    set id = #{record.id,jdbcType=INTEGER},
      typname = #{record.typname,jdbcType=VARCHAR},
      typdes = #{record.typdes,jdbcType=VARCHAR},
      typeclicks = #{record.typeclicks,jdbcType=INTEGER}
    <if test="_parameter != null" >
      <include refid="Update_By_Example_Where_Clause" />
    </if>
  </update>
  <update id="updateByPrimaryKeySelective" parameterType="com.box.entity.DbArticletype" >
    update db_articletype
    <set >
      <if test="typname != null" >
        typname = #{typname,jdbcType=VARCHAR},
      </if>
      <if test="typdes != null" >
        typdes = #{typdes,jdbcType=VARCHAR},
      </if>
      <if test="typeclicks != null" >
        typeclicks = #{typeclicks,jdbcType=INTEGER},
      </if>
    </set>
    where id = #{id,jdbcType=INTEGER}
  </update>
  <update id="updateByPrimaryKey" parameterType="com.box.entity.DbArticletype" >
    update db_articletype
    set typname = #{typname,jdbcType=VARCHAR},
      typdes = #{typdes,jdbcType=VARCHAR},
      typeclicks = #{typeclicks,jdbcType=INTEGER}
    where id = #{id,jdbcType=INTEGER}
  </update>
</mapper>