<?xml version="1.0" encoding="UTF-8" ?>
<!DOCTYPE mapper PUBLIC "-//mybatis.org//DTD Mapper 3.0//EN" "http://mybatis.org/dtd/mybatis-3-mapper.dtd" >
<mapper namespace="com.box.mapper.DbArticleMapper" >
  <resultMap id="BaseResultMap" type="com.box.entity.DbArticle" >
    <id column="arid" property="arid" jdbcType="INTEGER" />
    <result column="artitle" property="artitle" jdbcType="VARCHAR" />
    <result column="arcontent" property="arcontent" jdbcType="VARCHAR" />
    <result column="simpledes" property="simpledes" jdbcType="VARCHAR" />
    <result column="isTop" property="istop" jdbcType="INTEGER" />
    <result column="uid" property="uid" jdbcType="INTEGER" />
    <result column="clicks" property="clicks" jdbcType="INTEGER" />
    <result column="isView" property="isview" jdbcType="INTEGER" />
    <result column="upperid" property="upperid" jdbcType="INTEGER" />
    <result column="artypeid" property="artypeid" jdbcType="INTEGER" />
    <result column="img" property="img" jdbcType="VARCHAR" />
    <result column="arcreatetime" property="arcreatetime" jdbcType="TIMESTAMP" />
    <result column="updatetime" property="updatetime" jdbcType="TIMESTAMP" />
  </resultMap>
  <sql id="Example_Where_Clause" >
    <where >
      <foreach collection="oredCriteria" item="criteria" separator="or" >
        <if test="criteria.valid" >
          <trim prefix="(" suffix=")" prefixOverrides="and" >
            <foreach collection="criteria.criteria" item="criterion" >
              <choose >
                <when test="criterion.noValue" >
                  and ${criterion.condition}
                </when>
                <when test="criterion.singleValue" >
                  and ${criterion.condition} #{criterion.value}
                </when>
                <when test="criterion.betweenValue" >
                  and ${criterion.condition} #{criterion.value} and #{criterion.secondValue}
                </when>
                <when test="criterion.listValue" >
                  and ${criterion.condition}
                  <foreach collection="criterion.value" item="listItem" open="(" close=")" separator="," >
                    #{listItem}
                  </foreach>
                </when>
              </choose>
            </foreach>
          </trim>
        </if>
      </foreach>
    </where>
  </sql>
  <sql id="Update_By_Example_Where_Clause" >
    <where >
      <foreach collection="example.oredCriteria" item="criteria" separator="or" >
        <if test="criteria.valid" >
          <trim prefix="(" suffix=")" prefixOverrides="and" >
            <foreach collection="criteria.criteria" item="criterion" >
              <choose >
                <when test="criterion.noValue" >
                  and ${criterion.condition}
                </when>
                <when test="criterion.singleValue" >
                  and ${criterion.condition} #{criterion.value}
                </when>
                <when test="criterion.betweenValue" >
                  and ${criterion.condition} #{criterion.value} and #{criterion.secondValue}
                </when>
                <when test="criterion.listValue" >
                  and ${criterion.condition}
                  <foreach collection="criterion.value" item="listItem" open="(" close=")" separator="," >
                    #{listItem}
                  </foreach>
                </when>
              </choose>
            </foreach>
          </trim>
        </if>
      </foreach>
    </where>
  </sql>
  <sql id="Base_Column_List" >
    arid, artitle, arcontent, simpledes, isTop, uid, clicks, isView, upperid, artypeid, 
    img, arcreatetime, updatetime
  </sql>
  <select id="selectByExample" resultMap="BaseResultMap" parameterType="com.box.entity.DbArticleExample" >
    select
    <if test="distinct" >
      distinct
    </if>
    <include refid="Base_Column_List" />
    from db_article
    <if test="_parameter != null" >
      <include refid="Example_Where_Clause" />
    </if>
    <if test="orderByClause != null" >
      order by ${orderByClause}
    </if>
  </select>
  <select id="selectByPrimaryKey" resultMap="BaseResultMap" parameterType="java.lang.Integer" >
    select 
    <include refid="Base_Column_List" />
    from db_article
    where arid = #{arid,jdbcType=INTEGER}
  </select>
  <delete id="deleteByPrimaryKey" parameterType="java.lang.Integer" >
    delete from db_article
    where arid = #{arid,jdbcType=INTEGER}
  </delete>
  <delete id="deleteByExample" parameterType="com.box.entity.DbArticleExample" >
    delete from db_article
    <if test="_parameter != null" >
      <include refid="Example_Where_Clause" />
    </if>
  </delete>
  <insert id="insert" parameterType="com.box.entity.DbArticle" >
    insert into db_article (arid, artitle, arcontent, 
      simpledes, isTop, uid, 
      clicks, isView, upperid, 
      artypeid, img, arcreatetime, 
      updatetime)
    values (#{arid,jdbcType=INTEGER}, #{artitle,jdbcType=VARCHAR}, #{arcontent,jdbcType=VARCHAR}, 
      #{simpledes,jdbcType=VARCHAR}, #{istop,jdbcType=INTEGER}, #{uid,jdbcType=INTEGER}, 
      #{clicks,jdbcType=INTEGER}, #{isview,jdbcType=INTEGER}, #{upperid,jdbcType=INTEGER}, 
      #{artypeid,jdbcType=INTEGER}, #{img,jdbcType=VARCHAR}, #{arcreatetime,jdbcType=TIMESTAMP}, 
      #{updatetime,jdbcType=TIMESTAMP})
  </insert>
  <insert id="insertSelective" parameterType="com.box.entity.DbArticle" >
    insert into db_article
    <trim prefix="(" suffix=")" suffixOverrides="," >
      <if test="arid != null" >
        arid,
      </if>
      <if test="artitle != null" >
        artitle,
      </if>
      <if test="arcontent != null" >
        arcontent,
      </if>
      <if test="simpledes != null" >
        simpledes,
      </if>
      <if test="istop != null" >
        isTop,
      </if>
      <if test="uid != null" >
        uid,
      </if>
      <if test="clicks != null" >
        clicks,
      </if>
      <if test="isview != null" >
        isView,
      </if>
      <if test="upperid != null" >
        upperid,
      </if>
      <if test="artypeid != null" >
        artypeid,
      </if>
      <if test="img != null" >
        img,
      </if>
      <if test="arcreatetime != null" >
        arcreatetime,
      </if>
      <if test="updatetime != null" >
        updatetime,
      </if>
    </trim>
    <trim prefix="values (" suffix=")" suffixOverrides="," >
      <if test="arid != null" >
        #{arid,jdbcType=INTEGER},
      </if>
      <if test="artitle != null" >
        #{artitle,jdbcType=VARCHAR},
      </if>
      <if test="arcontent != null" >
        #{arcontent,jdbcType=VARCHAR},
      </if>
      <if test="simpledes != null" >
        #{simpledes,jdbcType=VARCHAR},
      </if>
      <if test="istop != null" >
        #{istop,jdbcType=INTEGER},
      </if>
      <if test="uid != null" >
        #{uid,jdbcType=INTEGER},
      </if>
      <if test="clicks != null" >
        #{clicks,jdbcType=INTEGER},
      </if>
      <if test="isview != null" >
        #{isview,jdbcType=INTEGER},
      </if>
      <if test="upperid != null" >
        #{upperid,jdbcType=INTEGER},
      </if>
      <if test="artypeid != null" >
        #{artypeid,jdbcType=INTEGER},
      </if>
      <if test="img != null" >
        #{img,jdbcType=VARCHAR},
      </if>
      <if test="arcreatetime != null" >
        #{arcreatetime,jdbcType=TIMESTAMP},
      </if>
      <if test="updatetime != null" >
        #{updatetime,jdbcType=TIMESTAMP},
      </if>
    </trim>
  </insert>
  <select id="countByExample" parameterType="com.box.entity.DbArticleExample" resultType="java.lang.Integer" >
    select count(*) from db_article
    <if test="_parameter != null" >
      <include refid="Example_Where_Clause" />
    </if>
  </select>
  <update id="updateByExampleSelective" parameterType="map" >
    update db_article
    <set >
      <if test="record.arid != null" >
        arid = #{record.arid,jdbcType=INTEGER},
      </if>
      <if test="record.artitle != null" >
        artitle = #{record.artitle,jdbcType=VARCHAR},
      </if>
      <if test="record.arcontent != null" >
        arcontent = #{record.arcontent,jdbcType=VARCHAR},
      </if>
      <if test="record.simpledes != null" >
        simpledes = #{record.simpledes,jdbcType=VARCHAR},
      </if>
      <if test="record.istop != null" >
        isTop = #{record.istop,jdbcType=INTEGER},
      </if>
      <if test="record.uid != null" >
        uid = #{record.uid,jdbcType=INTEGER},
      </if>
      <if test="record.clicks != null" >
        clicks = #{record.clicks,jdbcType=INTEGER},
      </if>
      <if test="record.isview != null" >
        isView = #{record.isview,jdbcType=INTEGER},
      </if>
      <if test="record.upperid != null" >
        upperid = #{record.upperid,jdbcType=INTEGER},
      </if>
      <if test="record.artypeid != null" >
        artypeid = #{record.artypeid,jdbcType=INTEGER},
      </if>
      <if test="record.img != null" >
        img = #{record.img,jdbcType=VARCHAR},
      </if>
      <if test="record.arcreatetime != null" >
        arcreatetime = #{record.arcreatetime,jdbcType=TIMESTAMP},
      </if>
      <if test="record.updatetime != null" >
        updatetime = #{record.updatetime,jdbcType=TIMESTAMP},
      </if>
    </set>
    <if test="_parameter != null" >
      <include refid="Update_By_Example_Where_Clause" />
    </if>
  </update>
  <update id="updateByExample" parameterType="map" >
    update db_article
    set arid = #{record.arid,jdbcType=INTEGER},
      artitle = #{record.artitle,jdbcType=VARCHAR},
      arcontent = #{record.arcontent,jdbcType=VARCHAR},
      simpledes = #{record.simpledes,jdbcType=VARCHAR},
      isTop = #{record.istop,jdbcType=INTEGER},
      uid = #{record.uid,jdbcType=INTEGER},
      clicks = #{record.clicks,jdbcType=INTEGER},
      isView = #{record.isview,jdbcType=INTEGER},
      upperid = #{record.upperid,jdbcType=INTEGER},
      artypeid = #{record.artypeid,jdbcType=INTEGER},
      img = #{record.img,jdbcType=VARCHAR},
      arcreatetime = #{record.arcreatetime,jdbcType=TIMESTAMP},
      updatetime = #{record.updatetime,jdbcType=TIMESTAMP}
    <if test="_parameter != null" >
      <include refid="Update_By_Example_Where_Clause" />
    </if>
  </update>
  <update id="updateByPrimaryKeySelective" parameterType="com.box.entity.DbArticle" >
    update db_article
    <set >
      <if test="artitle != null" >
        artitle = #{artitle,jdbcType=VARCHAR},
      </if>
      <if test="arcontent != null" >
        arcontent = #{arcontent,jdbcType=VARCHAR},
      </if>
      <if test="simpledes != null" >
        simpledes = #{simpledes,jdbcType=VARCHAR},
      </if>
      <if test="istop != null" >
        isTop = #{istop,jdbcType=INTEGER},
      </if>
      <if test="uid != null" >
        uid = #{uid,jdbcType=INTEGER},
      </if>
      <if test="clicks != null" >
        clicks = #{clicks,jdbcType=INTEGER},
      </if>
      <if test="isview != null" >
        isView = #{isview,jdbcType=INTEGER},
      </if>
      <if test="upperid != null" >
        upperid = #{upperid,jdbcType=INTEGER},
      </if>
      <if test="artypeid != null" >
        artypeid = #{artypeid,jdbcType=INTEGER},
      </if>
      <if test="img != null" >
        img = #{img,jdbcType=VARCHAR},
      </if>
      <if test="arcreatetime != null" >
        arcreatetime = #{arcreatetime,jdbcType=TIMESTAMP},
      </if>
      <if test="updatetime != null" >
        updatetime = #{updatetime,jdbcType=TIMESTAMP},
      </if>
    </set>
    where arid = #{arid,jdbcType=INTEGER}
  </update>
  <update id="updateByPrimaryKey" parameterType="com.box.entity.DbArticle" >
    update db_article
    set artitle = #{artitle,jdbcType=VARCHAR},
      arcontent = #{arcontent,jdbcType=VARCHAR},
      simpledes = #{simpledes,jdbcType=VARCHAR},
      isTop = #{istop,jdbcType=INTEGER},
      uid = #{uid,jdbcType=INTEGER},
      clicks = #{clicks,jdbcType=INTEGER},
      isView = #{isview,jdbcType=INTEGER},
      upperid = #{upperid,jdbcType=INTEGER},
      artypeid = #{artypeid,jdbcType=INTEGER},
      img = #{img,jdbcType=VARCHAR},
      arcreatetime = #{arcreatetime,jdbcType=TIMESTAMP},
      updatetime = #{updatetime,jdbcType=TIMESTAMP}
    where arid = #{arid,jdbcType=INTEGER}
  </update>
</mapper>