<?xml version="1.0" encoding="UTF-8" ?>
<!DOCTYPE mapper PUBLIC "-//mybatis.org//DTD Mapper 3.0//EN" "http://mybatis.org/dtd/mybatis-3-mapper.dtd" >
<mapper namespace="com.box.mapper.DbBlogMapper" >
  <resultMap id="BaseResultMap" type="com.box.entity.DbBlog" >
    <id column="id" property="id" jdbcType="INTEGER" />
    <result column="title" property="title" jdbcType="VARCHAR" />
    <result column="summary" property="summary" jdbcType="VARCHAR" />
    <result column="imageUrl" property="imageurl" jdbcType="VARCHAR" />
    <result column="leaseDaet" property="leasedaet" jdbcType="TIMESTAMP" />
    <result column="clickHit" property="clickhit" jdbcType="INTEGER" />
    <result column="replyHit" property="replyhit" jdbcType="INTEGER" />
    <result column="content" property="content" jdbcType="VARCHAR" />
    <result column="typeId" property="typeid" jdbcType="INTEGER" />
    <result column="keyword" property="keyword" jdbcType="VARCHAR" />
    <result column="uppId" property="uppid" jdbcType="INTEGER" />
    <result column="likeId" property="likeid" jdbcType="INTEGER" />
  </resultMap>
  <sql id="Example_Where_Clause" >
    <where >
      <foreach collection="oredCriteria" item="criteria" separator="or" >
        <if test="criteria.valid" >
          <trim prefix="(" suffix=")" prefixOverrides="and" >
            <foreach collection="criteria.criteria" item="criterion" >
              <choose >
                <when test="criterion.noValue" >
                  and ${criterion.condition}
                </when>
                <when test="criterion.singleValue" >
                  and ${criterion.condition} #{criterion.value}
                </when>
                <when test="criterion.betweenValue" >
                  and ${criterion.condition} #{criterion.value} and #{criterion.secondValue}
                </when>
                <when test="criterion.listValue" >
                  and ${criterion.condition}
                  <foreach collection="criterion.value" item="listItem" open="(" close=")" separator="," >
                    #{listItem}
                  </foreach>
                </when>
              </choose>
            </foreach>
          </trim>
        </if>
      </foreach>
    </where>
  </sql>
  <sql id="Update_By_Example_Where_Clause" >
    <where >
      <foreach collection="example.oredCriteria" item="criteria" separator="or" >
        <if test="criteria.valid" >
          <trim prefix="(" suffix=")" prefixOverrides="and" >
            <foreach collection="criteria.criteria" item="criterion" >
              <choose >
                <when test="criterion.noValue" >
                  and ${criterion.condition}
                </when>
                <when test="criterion.singleValue" >
                  and ${criterion.condition} #{criterion.value}
                </when>
                <when test="criterion.betweenValue" >
                  and ${criterion.condition} #{criterion.value} and #{criterion.secondValue}
                </when>
                <when test="criterion.listValue" >
                  and ${criterion.condition}
                  <foreach collection="criterion.value" item="listItem" open="(" close=")" separator="," >
                    #{listItem}
                  </foreach>
                </when>
              </choose>
            </foreach>
          </trim>
        </if>
      </foreach>
    </where>
  </sql>
  <sql id="Base_Column_List" >
    id, title, summary, imageUrl, leaseDaet, clickHit, replyHit, content, typeId, keyword, 
    uppId, likeId
  </sql>
  <select id="selectByExample" resultMap="BaseResultMap" parameterType="com.box.entity.DbBlogExample" >
    select
    <if test="distinct" >
      distinct
    </if>
    <include refid="Base_Column_List" />
    from db_blog
    <if test="_parameter != null" >
      <include refid="Example_Where_Clause" />
    </if>
    <if test="orderByClause != null" >
      order by ${orderByClause}
    </if>
  </select>
  <select id="selectByPrimaryKey" resultMap="BaseResultMap" parameterType="java.lang.Integer" >
    select 
    <include refid="Base_Column_List" />
    from db_blog
    where id = #{id,jdbcType=INTEGER}
  </select>
  <delete id="deleteByPrimaryKey" parameterType="java.lang.Integer" >
    delete from db_blog
    where id = #{id,jdbcType=INTEGER}
  </delete>
  <delete id="deleteByExample" parameterType="com.box.entity.DbBlogExample" >
    delete from db_blog
    <if test="_parameter != null" >
      <include refid="Example_Where_Clause" />
    </if>
  </delete>
  <insert id="insert" parameterType="com.box.entity.DbBlog" >
    insert into db_blog (id, title, summary, 
      imageUrl, leaseDaet, clickHit, 
      replyHit, content, typeId, 
      keyword, uppId, likeId
      )
    values (#{id,jdbcType=INTEGER}, #{title,jdbcType=VARCHAR}, #{summary,jdbcType=VARCHAR}, 
      #{imageurl,jdbcType=VARCHAR}, #{leasedaet,jdbcType=TIMESTAMP}, #{clickhit,jdbcType=INTEGER}, 
      #{replyhit,jdbcType=INTEGER}, #{content,jdbcType=VARCHAR}, #{typeid,jdbcType=INTEGER}, 
      #{keyword,jdbcType=VARCHAR}, #{uppid,jdbcType=INTEGER}, #{likeid,jdbcType=INTEGER}
      )
  </insert>
  <insert id="insertSelective" parameterType="com.box.entity.DbBlog" >
    insert into db_blog
    <trim prefix="(" suffix=")" suffixOverrides="," >
      <if test="id != null" >
        id,
      </if>
      <if test="title != null" >
        title,
      </if>
      <if test="summary != null" >
        summary,
      </if>
      <if test="imageurl != null" >
        imageUrl,
      </if>
      <if test="leasedaet != null" >
        leaseDaet,
      </if>
      <if test="clickhit != null" >
        clickHit,
      </if>
      <if test="replyhit != null" >
        replyHit,
      </if>
      <if test="content != null" >
        content,
      </if>
      <if test="typeid != null" >
        typeId,
      </if>
      <if test="keyword != null" >
        keyword,
      </if>
      <if test="uppid != null" >
        uppId,
      </if>
      <if test="likeid != null" >
        likeId,
      </if>
    </trim>
    <trim prefix="values (" suffix=")" suffixOverrides="," >
      <if test="id != null" >
        #{id,jdbcType=INTEGER},
      </if>
      <if test="title != null" >
        #{title,jdbcType=VARCHAR},
      </if>
      <if test="summary != null" >
        #{summary,jdbcType=VARCHAR},
      </if>
      <if test="imageurl != null" >
        #{imageurl,jdbcType=VARCHAR},
      </if>
      <if test="leasedaet != null" >
        #{leasedaet,jdbcType=TIMESTAMP},
      </if>
      <if test="clickhit != null" >
        #{clickhit,jdbcType=INTEGER},
      </if>
      <if test="replyhit != null" >
        #{replyhit,jdbcType=INTEGER},
      </if>
      <if test="content != null" >
        #{content,jdbcType=VARCHAR},
      </if>
      <if test="typeid != null" >
        #{typeid,jdbcType=INTEGER},
      </if>
      <if test="keyword != null" >
        #{keyword,jdbcType=VARCHAR},
      </if>
      <if test="uppid != null" >
        #{uppid,jdbcType=INTEGER},
      </if>
      <if test="likeid != null" >
        #{likeid,jdbcType=INTEGER},
      </if>
    </trim>
  </insert>
  <select id="countByExample" parameterType="com.box.entity.DbBlogExample" resultType="java.lang.Integer" >
    select count(*) from db_blog
    <if test="_parameter != null" >
      <include refid="Example_Where_Clause" />
    </if>
  </select>
  <update id="updateByExampleSelective" parameterType="map" >
    update db_blog
    <set >
      <if test="record.id != null" >
        id = #{record.id,jdbcType=INTEGER},
      </if>
      <if test="record.title != null" >
        title = #{record.title,jdbcType=VARCHAR},
      </if>
      <if test="record.summary != null" >
        summary = #{record.summary,jdbcType=VARCHAR},
      </if>
      <if test="record.imageurl != null" >
        imageUrl = #{record.imageurl,jdbcType=VARCHAR},
      </if>
      <if test="record.leasedaet != null" >
        leaseDaet = #{record.leasedaet,jdbcType=TIMESTAMP},
      </if>
      <if test="record.clickhit != null" >
        clickHit = #{record.clickhit,jdbcType=INTEGER},
      </if>
      <if test="record.replyhit != null" >
        replyHit = #{record.replyhit,jdbcType=INTEGER},
      </if>
      <if test="record.content != null" >
        content = #{record.content,jdbcType=VARCHAR},
      </if>
      <if test="record.typeid != null" >
        typeId = #{record.typeid,jdbcType=INTEGER},
      </if>
      <if test="record.keyword != null" >
        keyword = #{record.keyword,jdbcType=VARCHAR},
      </if>
      <if test="record.uppid != null" >
        uppId = #{record.uppid,jdbcType=INTEGER},
      </if>
      <if test="record.likeid != null" >
        likeId = #{record.likeid,jdbcType=INTEGER},
      </if>
    </set>
    <if test="_parameter != null" >
      <include refid="Update_By_Example_Where_Clause" />
    </if>
  </update>
  <update id="updateByExample" parameterType="map" >
    update db_blog
    set id = #{record.id,jdbcType=INTEGER},
      title = #{record.title,jdbcType=VARCHAR},
      summary = #{record.summary,jdbcType=VARCHAR},
      imageUrl = #{record.imageurl,jdbcType=VARCHAR},
      leaseDaet = #{record.leasedaet,jdbcType=TIMESTAMP},
      clickHit = #{record.clickhit,jdbcType=INTEGER},
      replyHit = #{record.replyhit,jdbcType=INTEGER},
      content = #{record.content,jdbcType=VARCHAR},
      typeId = #{record.typeid,jdbcType=INTEGER},
      keyword = #{record.keyword,jdbcType=VARCHAR},
      uppId = #{record.uppid,jdbcType=INTEGER},
      likeId = #{record.likeid,jdbcType=INTEGER}
    <if test="_parameter != null" >
      <include refid="Update_By_Example_Where_Clause" />
    </if>
  </update>
  <update id="updateByPrimaryKeySelective" parameterType="com.box.entity.DbBlog" >
    update db_blog
    <set >
      <if test="title != null" >
        title = #{title,jdbcType=VARCHAR},
      </if>
      <if test="summary != null" >
        summary = #{summary,jdbcType=VARCHAR},
      </if>
      <if test="imageurl != null" >
        imageUrl = #{imageurl,jdbcType=VARCHAR},
      </if>
      <if test="leasedaet != null" >
        leaseDaet = #{leasedaet,jdbcType=TIMESTAMP},
      </if>
      <if test="clickhit != null" >
        clickHit = #{clickhit,jdbcType=INTEGER},
      </if>
      <if test="replyhit != null" >
        replyHit = #{replyhit,jdbcType=INTEGER},
      </if>
      <if test="content != null" >
        content = #{content,jdbcType=VARCHAR},
      </if>
      <if test="typeid != null" >
        typeId = #{typeid,jdbcType=INTEGER},
      </if>
      <if test="keyword != null" >
        keyword = #{keyword,jdbcType=VARCHAR},
      </if>
      <if test="uppid != null" >
        uppId = #{uppid,jdbcType=INTEGER},
      </if>
      <if test="likeid != null" >
        likeId = #{likeid,jdbcType=INTEGER},
      </if>
    </set>
    where id = #{id,jdbcType=INTEGER}
  </update>
  <update id="updateByPrimaryKey" parameterType="com.box.entity.DbBlog" >
    update db_blog
    set title = #{title,jdbcType=VARCHAR},
      summary = #{summary,jdbcType=VARCHAR},
      imageUrl = #{imageurl,jdbcType=VARCHAR},
      leaseDaet = #{leasedaet,jdbcType=TIMESTAMP},
      clickHit = #{clickhit,jdbcType=INTEGER},
      replyHit = #{replyhit,jdbcType=INTEGER},
      content = #{content,jdbcType=VARCHAR},
      typeId = #{typeid,jdbcType=INTEGER},
      keyword = #{keyword,jdbcType=VARCHAR},
      uppId = #{uppid,jdbcType=INTEGER},
      likeId = #{likeid,jdbcType=INTEGER}
    where id = #{id,jdbcType=INTEGER}
  </update>
</mapper>