<?xml version="1.0" encoding="UTF-8" ?>
<!DOCTYPE mapper PUBLIC "-//mybatis.org//DTD Mapper 3.0//EN" "http://mybatis.org/dtd/mybatis-3-mapper.dtd" >
<mapper namespace="com.box.mapper.DbBtypeMapper" >
  <resultMap id="BaseResultMap" type="com.box.entity.DbBtype" >
    <id column="tid" property="tid" jdbcType="INTEGER" />
    <result column="tname" property="tname" jdbcType="VARCHAR" />
    <result column="tdes" property="tdes" jdbcType="VARCHAR" />
    <result column="tclickHit" property="tclickhit" jdbcType="INTEGER" />
  </resultMap>
  <sql id="Example_Where_Clause" >
    <where >
      <foreach collection="oredCriteria" item="criteria" separator="or" >
        <if test="criteria.valid" >
          <trim prefix="(" suffix=")" prefixOverrides="and" >
            <foreach collection="criteria.criteria" item="criterion" >
              <choose >
                <when test="criterion.noValue" >
                  and ${criterion.condition}
                </when>
                <when test="criterion.singleValue" >
                  and ${criterion.condition} #{criterion.value}
                </when>
                <when test="criterion.betweenValue" >
                  and ${criterion.condition} #{criterion.value} and #{criterion.secondValue}
                </when>
                <when test="criterion.listValue" >
                  and ${criterion.condition}
                  <foreach collection="criterion.value" item="listItem" open="(" close=")" separator="," >
                    #{listItem}
                  </foreach>
                </when>
              </choose>
            </foreach>
          </trim>
        </if>
      </foreach>
    </where>
  </sql>
  <sql id="Update_By_Example_Where_Clause" >
    <where >
      <foreach collection="example.oredCriteria" item="criteria" separator="or" >
        <if test="criteria.valid" >
          <trim prefix="(" suffix=")" prefixOverrides="and" >
            <foreach collection="criteria.criteria" item="criterion" >
              <choose >
                <when test="criterion.noValue" >
                  and ${criterion.condition}
                </when>
                <when test="criterion.singleValue" >
                  and ${criterion.condition} #{criterion.value}
                </when>
                <when test="criterion.betweenValue" >
                  and ${criterion.condition} #{criterion.value} and #{criterion.secondValue}
                </when>
                <when test="criterion.listValue" >
                  and ${criterion.condition}
                  <foreach collection="criterion.value" item="listItem" open="(" close=")" separator="," >
                    #{listItem}
                  </foreach>
                </when>
              </choose>
            </foreach>
          </trim>
        </if>
      </foreach>
    </where>
  </sql>
  <sql id="Base_Column_List" >
    tid, tname, tdes, tclickHit
  </sql>
  <select id="selectByExample" resultMap="BaseResultMap" parameterType="com.box.entity.DbBtypeExample" >
    select
    <if test="distinct" >
      distinct
    </if>
    <include refid="Base_Column_List" />
    from db_btype
    <if test="_parameter != null" >
      <include refid="Example_Where_Clause" />
    </if>
    <if test="orderByClause != null" >
      order by ${orderByClause}
    </if>
  </select>
  <select id="selectByPrimaryKey" resultMap="BaseResultMap" parameterType="java.lang.Integer" >
    select 
    <include refid="Base_Column_List" />
    from db_btype
    where tid = #{tid,jdbcType=INTEGER}
  </select>
  <delete id="deleteByPrimaryKey" parameterType="java.lang.Integer" >
    delete from db_btype
    where tid = #{tid,jdbcType=INTEGER}
  </delete>
  <delete id="deleteByExample" parameterType="com.box.entity.DbBtypeExample" >
    delete from db_btype
    <if test="_parameter != null" >
      <include refid="Example_Where_Clause" />
    </if>
  </delete>
  <insert id="insert" parameterType="com.box.entity.DbBtype" >
    insert into db_btype (tid, tname, tdes, 
      tclickHit)
    values (#{tid,jdbcType=INTEGER}, #{tname,jdbcType=VARCHAR}, #{tdes,jdbcType=VARCHAR}, 
      #{tclickhit,jdbcType=INTEGER})
  </insert>
  <insert id="insertSelective" parameterType="com.box.entity.DbBtype" >
    insert into db_btype
    <trim prefix="(" suffix=")" suffixOverrides="," >
      <if test="tid != null" >
        tid,
      </if>
      <if test="tname != null" >
        tname,
      </if>
      <if test="tdes != null" >
        tdes,
      </if>
      <if test="tclickhit != null" >
        tclickHit,
      </if>
    </trim>
    <trim prefix="values (" suffix=")" suffixOverrides="," >
      <if test="tid != null" >
        #{tid,jdbcType=INTEGER},
      </if>
      <if test="tname != null" >
        #{tname,jdbcType=VARCHAR},
      </if>
      <if test="tdes != null" >
        #{tdes,jdbcType=VARCHAR},
      </if>
      <if test="tclickhit != null" >
        #{tclickhit,jdbcType=INTEGER},
      </if>
    </trim>
  </insert>
  <select id="countByExample" parameterType="com.box.entity.DbBtypeExample" resultType="java.lang.Integer" >
    select count(*) from db_btype
    <if test="_parameter != null" >
      <include refid="Example_Where_Clause" />
    </if>
  </select>
  <update id="updateByExampleSelective" parameterType="map" >
    update db_btype
    <set >
      <if test="record.tid != null" >
        tid = #{record.tid,jdbcType=INTEGER},
      </if>
      <if test="record.tname != null" >
        tname = #{record.tname,jdbcType=VARCHAR},
      </if>
      <if test="record.tdes != null" >
        tdes = #{record.tdes,jdbcType=VARCHAR},
      </if>
      <if test="record.tclickhit != null" >
        tclickHit = #{record.tclickhit,jdbcType=INTEGER},
      </if>
    </set>
    <if test="_parameter != null" >
      <include refid="Update_By_Example_Where_Clause" />
    </if>
  </update>
  <update id="updateByExample" parameterType="map" >
    update db_btype
    set tid = #{record.tid,jdbcType=INTEGER},
      tname = #{record.tname,jdbcType=VARCHAR},
      tdes = #{record.tdes,jdbcType=VARCHAR},
      tclickHit = #{record.tclickhit,jdbcType=INTEGER}
    <if test="_parameter != null" >
      <include refid="Update_By_Example_Where_Clause" />
    </if>
  </update>
  <update id="updateByPrimaryKeySelective" parameterType="com.box.entity.DbBtype" >
    update db_btype
    <set >
      <if test="tname != null" >
        tname = #{tname,jdbcType=VARCHAR},
      </if>
      <if test="tdes != null" >
        tdes = #{tdes,jdbcType=VARCHAR},
      </if>
      <if test="tclickhit != null" >
        tclickHit = #{tclickhit,jdbcType=INTEGER},
      </if>
    </set>
    where tid = #{tid,jdbcType=INTEGER}
  </update>
  <update id="updateByPrimaryKey" parameterType="com.box.entity.DbBtype" >
    update db_btype
    set tname = #{tname,jdbcType=VARCHAR},
      tdes = #{tdes,jdbcType=VARCHAR},
      tclickHit = #{tclickhit,jdbcType=INTEGER}
    where tid = #{tid,jdbcType=INTEGER}
  </update>
</mapper>