<?xml version="1.0" encoding="UTF-8" ?>
<!DOCTYPE mapper PUBLIC "-//mybatis.org//DTD Mapper 3.0//EN" "http://mybatis.org/dtd/mybatis-3-mapper.dtd" >
<mapper namespace="com.box.mapper.DbEmailMapper" >
  <resultMap id="BaseResultMap" type="com.box.entity.DbEmail" >
    <id column="eid" property="eid" jdbcType="VARCHAR" />
    <result column="esender" property="esender" jdbcType="VARCHAR" />
    <result column="etitle" property="etitle" jdbcType="VARCHAR" />
    <result column="ereceiver" property="ereceiver" jdbcType="VARCHAR" />
    <result column="accepttime" property="accepttime" jdbcType="TIMESTAMP" />
    <result column="msgBody" property="msgbody" jdbcType="VARCHAR" />
    <result column="checkstatus" property="checkstatus" jdbcType="INTEGER" />
  </resultMap>
  <sql id="Example_Where_Clause" >
    <where >
      <foreach collection="oredCriteria" item="criteria" separator="or" >
        <if test="criteria.valid" >
          <trim prefix="(" suffix=")" prefixOverrides="and" >
            <foreach collection="criteria.criteria" item="criterion" >
              <choose >
                <when test="criterion.noValue" >
                  and ${criterion.condition}
                </when>
                <when test="criterion.singleValue" >
                  and ${criterion.condition} #{criterion.value}
                </when>
                <when test="criterion.betweenValue" >
                  and ${criterion.condition} #{criterion.value} and #{criterion.secondValue}
                </when>
                <when test="criterion.listValue" >
                  and ${criterion.condition}
                  <foreach collection="criterion.value" item="listItem" open="(" close=")" separator="," >
                    #{listItem}
                  </foreach>
                </when>
              </choose>
            </foreach>
          </trim>
        </if>
      </foreach>
    </where>
  </sql>
  <sql id="Update_By_Example_Where_Clause" >
    <where >
      <foreach collection="example.oredCriteria" item="criteria" separator="or" >
        <if test="criteria.valid" >
          <trim prefix="(" suffix=")" prefixOverrides="and" >
            <foreach collection="criteria.criteria" item="criterion" >
              <choose >
                <when test="criterion.noValue" >
                  and ${criterion.condition}
                </when>
                <when test="criterion.singleValue" >
                  and ${criterion.condition} #{criterion.value}
                </when>
                <when test="criterion.betweenValue" >
                  and ${criterion.condition} #{criterion.value} and #{criterion.secondValue}
                </when>
                <when test="criterion.listValue" >
                  and ${criterion.condition}
                  <foreach collection="criterion.value" item="listItem" open="(" close=")" separator="," >
                    #{listItem}
                  </foreach>
                </when>
              </choose>
            </foreach>
          </trim>
        </if>
      </foreach>
    </where>
  </sql>
  <sql id="Base_Column_List" >
    eid, esender, etitle, ereceiver, accepttime, msgBody, checkstatus
  </sql>
  <select id="selectByExample" resultMap="BaseResultMap" parameterType="com.box.entity.DbEmailExample" >
    select
    <if test="distinct" >
      distinct
    </if>
    <include refid="Base_Column_List" />
    from db_email
    <if test="_parameter != null" >
      <include refid="Example_Where_Clause" />
    </if>
    <if test="orderByClause != null" >
      order by ${orderByClause}
    </if>
  </select>
  <select id="selectByPrimaryKey" resultMap="BaseResultMap" parameterType="java.lang.String" >
    select 
    <include refid="Base_Column_List" />
    from db_email
    where eid = #{eid,jdbcType=VARCHAR}
  </select>
  <delete id="deleteByPrimaryKey" parameterType="java.lang.String" >
    delete from db_email
    where eid = #{eid,jdbcType=VARCHAR}
  </delete>
  <delete id="deleteByExample" parameterType="com.box.entity.DbEmailExample" >
    delete from db_email
    <if test="_parameter != null" >
      <include refid="Example_Where_Clause" />
    </if>
  </delete>
  <insert id="insert" parameterType="com.box.entity.DbEmail" >
    insert into db_email (eid, esender, etitle, 
      ereceiver, accepttime, msgBody, 
      checkstatus)
    values (#{eid,jdbcType=VARCHAR}, #{esender,jdbcType=VARCHAR}, #{etitle,jdbcType=VARCHAR}, 
      #{ereceiver,jdbcType=VARCHAR}, #{accepttime,jdbcType=TIMESTAMP}, #{msgbody,jdbcType=VARCHAR}, 
      #{checkstatus,jdbcType=INTEGER})
  </insert>
  <insert id="insertSelective" parameterType="com.box.entity.DbEmail" >
    insert into db_email
    <trim prefix="(" suffix=")" suffixOverrides="," >
      <if test="eid != null" >
        eid,
      </if>
      <if test="esender != null" >
        esender,
      </if>
      <if test="etitle != null" >
        etitle,
      </if>
      <if test="ereceiver != null" >
        ereceiver,
      </if>
      <if test="accepttime != null" >
        accepttime,
      </if>
      <if test="msgbody != null" >
        msgBody,
      </if>
      <if test="checkstatus != null" >
        checkstatus,
      </if>
    </trim>
    <trim prefix="values (" suffix=")" suffixOverrides="," >
      <if test="eid != null" >
        #{eid,jdbcType=VARCHAR},
      </if>
      <if test="esender != null" >
        #{esender,jdbcType=VARCHAR},
      </if>
      <if test="etitle != null" >
        #{etitle,jdbcType=VARCHAR},
      </if>
      <if test="ereceiver != null" >
        #{ereceiver,jdbcType=VARCHAR},
      </if>
      <if test="accepttime != null" >
        #{accepttime,jdbcType=TIMESTAMP},
      </if>
      <if test="msgbody != null" >
        #{msgbody,jdbcType=VARCHAR},
      </if>
      <if test="checkstatus != null" >
        #{checkstatus,jdbcType=INTEGER},
      </if>
    </trim>
  </insert>
  <select id="countByExample" parameterType="com.box.entity.DbEmailExample" resultType="java.lang.Integer" >
    select count(*) from db_email
    <if test="_parameter != null" >
      <include refid="Example_Where_Clause" />
    </if>
  </select>
  <update id="updateByExampleSelective" parameterType="map" >
    update db_email
    <set >
      <if test="record.eid != null" >
        eid = #{record.eid,jdbcType=VARCHAR},
      </if>
      <if test="record.esender != null" >
        esender = #{record.esender,jdbcType=VARCHAR},
      </if>
      <if test="record.etitle != null" >
        etitle = #{record.etitle,jdbcType=VARCHAR},
      </if>
      <if test="record.ereceiver != null" >
        ereceiver = #{record.ereceiver,jdbcType=VARCHAR},
      </if>
      <if test="record.accepttime != null" >
        accepttime = #{record.accepttime,jdbcType=TIMESTAMP},
      </if>
      <if test="record.msgbody != null" >
        msgBody = #{record.msgbody,jdbcType=VARCHAR},
      </if>
      <if test="record.checkstatus != null" >
        checkstatus = #{record.checkstatus,jdbcType=INTEGER},
      </if>
    </set>
    <if test="_parameter != null" >
      <include refid="Update_By_Example_Where_Clause" />
    </if>
  </update>
  <update id="updateByExample" parameterType="map" >
    update db_email
    set eid = #{record.eid,jdbcType=VARCHAR},
      esender = #{record.esender,jdbcType=VARCHAR},
      etitle = #{record.etitle,jdbcType=VARCHAR},
      ereceiver = #{record.ereceiver,jdbcType=VARCHAR},
      accepttime = #{record.accepttime,jdbcType=TIMESTAMP},
      msgBody = #{record.msgbody,jdbcType=VARCHAR},
      checkstatus = #{record.checkstatus,jdbcType=INTEGER}
    <if test="_parameter != null" >
      <include refid="Update_By_Example_Where_Clause" />
    </if>
  </update>
  <update id="updateByPrimaryKeySelective" parameterType="com.box.entity.DbEmail" >
    update db_email
    <set >
      <if test="esender != null" >
        esender = #{esender,jdbcType=VARCHAR},
      </if>
      <if test="etitle != null" >
        etitle = #{etitle,jdbcType=VARCHAR},
      </if>
      <if test="ereceiver != null" >
        ereceiver = #{ereceiver,jdbcType=VARCHAR},
      </if>
      <if test="accepttime != null" >
        accepttime = #{accepttime,jdbcType=TIMESTAMP},
      </if>
      <if test="msgbody != null" >
        msgBody = #{msgbody,jdbcType=VARCHAR},
      </if>
      <if test="checkstatus != null" >
        checkstatus = #{checkstatus,jdbcType=INTEGER},
      </if>
    </set>
    where eid = #{eid,jdbcType=VARCHAR}
  </update>
  <update id="updateByPrimaryKey" parameterType="com.box.entity.DbEmail" >
    update db_email
    set esender = #{esender,jdbcType=VARCHAR},
      etitle = #{etitle,jdbcType=VARCHAR},
      ereceiver = #{ereceiver,jdbcType=VARCHAR},
      accepttime = #{accepttime,jdbcType=TIMESTAMP},
      msgBody = #{msgbody,jdbcType=VARCHAR},
      checkstatus = #{checkstatus,jdbcType=INTEGER}
    where eid = #{eid,jdbcType=VARCHAR}
  </update>
</mapper>