<?xml version="1.0" encoding="UTF-8" ?>
<!DOCTYPE mapper PUBLIC "-//mybatis.org//DTD Mapper 3.0//EN" "http://mybatis.org/dtd/mybatis-3-mapper.dtd" >
<mapper namespace="com.box.mapper.DbFilesMapper" >
  <resultMap id="BaseResultMap" type="com.box.entity.DbFiles" >
    <id column="id" property="id" jdbcType="BIGINT" />
    <result column="fname" property="fname" jdbcType="VARCHAR" />
    <result column="fpath" property="fpath" jdbcType="VARCHAR" />
    <result column="fid" property="fid" jdbcType="INTEGER" />
    <result column="uid" property="uid" jdbcType="INTEGER" />
    <result column="aid" property="aid" jdbcType="INTEGER" />
    <result column="fdescription" property="fdescription" jdbcType="VARCHAR" />
    <result column="fuploadtime" property="fuploadtime" jdbcType="DATE" />
  </resultMap>
  <sql id="Example_Where_Clause" >
    <where >
      <foreach collection="oredCriteria" item="criteria" separator="or" >
        <if test="criteria.valid" >
          <trim prefix="(" suffix=")" prefixOverrides="and" >
            <foreach collection="criteria.criteria" item="criterion" >
              <choose >
                <when test="criterion.noValue" >
                  and ${criterion.condition}
                </when>
                <when test="criterion.singleValue" >
                  and ${criterion.condition} #{criterion.value}
                </when>
                <when test="criterion.betweenValue" >
                  and ${criterion.condition} #{criterion.value} and #{criterion.secondValue}
                </when>
                <when test="criterion.listValue" >
                  and ${criterion.condition}
                  <foreach collection="criterion.value" item="listItem" open="(" close=")" separator="," >
                    #{listItem}
                  </foreach>
                </when>
              </choose>
            </foreach>
          </trim>
        </if>
      </foreach>
    </where>
  </sql>
  <sql id="Update_By_Example_Where_Clause" >
    <where >
      <foreach collection="example.oredCriteria" item="criteria" separator="or" >
        <if test="criteria.valid" >
          <trim prefix="(" suffix=")" prefixOverrides="and" >
            <foreach collection="criteria.criteria" item="criterion" >
              <choose >
                <when test="criterion.noValue" >
                  and ${criterion.condition}
                </when>
                <when test="criterion.singleValue" >
                  and ${criterion.condition} #{criterion.value}
                </when>
                <when test="criterion.betweenValue" >
                  and ${criterion.condition} #{criterion.value} and #{criterion.secondValue}
                </when>
                <when test="criterion.listValue" >
                  and ${criterion.condition}
                  <foreach collection="criterion.value" item="listItem" open="(" close=")" separator="," >
                    #{listItem}
                  </foreach>
                </when>
              </choose>
            </foreach>
          </trim>
        </if>
      </foreach>
    </where>
  </sql>
  <sql id="Base_Column_List" >
    id, fname, fpath, fid, uid, aid, fdescription, fuploadtime
  </sql>
  <select id="selectByExample" resultMap="BaseResultMap" parameterType="com.box.entity.DbFilesExample" >
    select
    <if test="distinct" >
      distinct
    </if>
    <include refid="Base_Column_List" />
    from db_files
    <if test="_parameter != null" >
      <include refid="Example_Where_Clause" />
    </if>
    <if test="orderByClause != null" >
      order by ${orderByClause}
    </if>
  </select>
  <select id="selectByPrimaryKey" resultMap="BaseResultMap" parameterType="java.lang.Long" >
    select 
    <include refid="Base_Column_List" />
    from db_files
    where id = #{id,jdbcType=BIGINT}
  </select>
  <delete id="deleteByPrimaryKey" parameterType="java.lang.Long" >
    delete from db_files
    where id = #{id,jdbcType=BIGINT}
  </delete>
  <delete id="deleteByExample" parameterType="com.box.entity.DbFilesExample" >
    delete from db_files
    <if test="_parameter != null" >
      <include refid="Example_Where_Clause" />
    </if>
  </delete>
  <insert id="insert" parameterType="com.box.entity.DbFiles" >
    insert into db_files (id, fname, fpath, 
      fid, uid, aid, fdescription, 
      fuploadtime)
    values (#{id,jdbcType=BIGINT}, #{fname,jdbcType=VARCHAR}, #{fpath,jdbcType=VARCHAR}, 
      #{fid,jdbcType=INTEGER}, #{uid,jdbcType=INTEGER}, #{aid,jdbcType=INTEGER}, #{fdescription,jdbcType=VARCHAR}, 
      #{fuploadtime,jdbcType=DATE})
  </insert>
  <insert id="insertSelective" parameterType="com.box.entity.DbFiles" >
    insert into db_files
    <trim prefix="(" suffix=")" suffixOverrides="," >
      <if test="id != null" >
        id,
      </if>
      <if test="fname != null" >
        fname,
      </if>
      <if test="fpath != null" >
        fpath,
      </if>
      <if test="fid != null" >
        fid,
      </if>
      <if test="uid != null" >
        uid,
      </if>
      <if test="aid != null" >
        aid,
      </if>
      <if test="fdescription != null" >
        fdescription,
      </if>
      <if test="fuploadtime != null" >
        fuploadtime,
      </if>
    </trim>
    <trim prefix="values (" suffix=")" suffixOverrides="," >
      <if test="id != null" >
        #{id,jdbcType=BIGINT},
      </if>
      <if test="fname != null" >
        #{fname,jdbcType=VARCHAR},
      </if>
      <if test="fpath != null" >
        #{fpath,jdbcType=VARCHAR},
      </if>
      <if test="fid != null" >
        #{fid,jdbcType=INTEGER},
      </if>
      <if test="uid != null" >
        #{uid,jdbcType=INTEGER},
      </if>
      <if test="aid != null" >
        #{aid,jdbcType=INTEGER},
      </if>
      <if test="fdescription != null" >
        #{fdescription,jdbcType=VARCHAR},
      </if>
      <if test="fuploadtime != null" >
        #{fuploadtime,jdbcType=DATE},
      </if>
    </trim>
  </insert>
  <select id="countByExample" parameterType="com.box.entity.DbFilesExample" resultType="java.lang.Integer" >
    select count(*) from db_files
    <if test="_parameter != null" >
      <include refid="Example_Where_Clause" />
    </if>
  </select>
  <update id="updateByExampleSelective" parameterType="map" >
    update db_files
    <set >
      <if test="record.id != null" >
        id = #{record.id,jdbcType=BIGINT},
      </if>
      <if test="record.fname != null" >
        fname = #{record.fname,jdbcType=VARCHAR},
      </if>
      <if test="record.fpath != null" >
        fpath = #{record.fpath,jdbcType=VARCHAR},
      </if>
      <if test="record.fid != null" >
        fid = #{record.fid,jdbcType=INTEGER},
      </if>
      <if test="record.uid != null" >
        uid = #{record.uid,jdbcType=INTEGER},
      </if>
      <if test="record.aid != null" >
        aid = #{record.aid,jdbcType=INTEGER},
      </if>
      <if test="record.fdescription != null" >
        fdescription = #{record.fdescription,jdbcType=VARCHAR},
      </if>
      <if test="record.fuploadtime != null" >
        fuploadtime = #{record.fuploadtime,jdbcType=DATE},
      </if>
    </set>
    <if test="_parameter != null" >
      <include refid="Update_By_Example_Where_Clause" />
    </if>
  </update>
  <update id="updateByExample" parameterType="map" >
    update db_files
    set id = #{record.id,jdbcType=BIGINT},
      fname = #{record.fname,jdbcType=VARCHAR},
      fpath = #{record.fpath,jdbcType=VARCHAR},
      fid = #{record.fid,jdbcType=INTEGER},
      uid = #{record.uid,jdbcType=INTEGER},
      aid = #{record.aid,jdbcType=INTEGER},
      fdescription = #{record.fdescription,jdbcType=VARCHAR},
      fuploadtime = #{record.fuploadtime,jdbcType=DATE}
    <if test="_parameter != null" >
      <include refid="Update_By_Example_Where_Clause" />
    </if>
  </update>
  <update id="updateByPrimaryKeySelective" parameterType="com.box.entity.DbFiles" >
    update db_files
    <set >
      <if test="fname != null" >
        fname = #{fname,jdbcType=VARCHAR},
      </if>
      <if test="fpath != null" >
        fpath = #{fpath,jdbcType=VARCHAR},
      </if>
      <if test="fid != null" >
        fid = #{fid,jdbcType=INTEGER},
      </if>
      <if test="uid != null" >
        uid = #{uid,jdbcType=INTEGER},
      </if>
      <if test="aid != null" >
        aid = #{aid,jdbcType=INTEGER},
      </if>
      <if test="fdescription != null" >
        fdescription = #{fdescription,jdbcType=VARCHAR},
      </if>
      <if test="fuploadtime != null" >
        fuploadtime = #{fuploadtime,jdbcType=DATE},
      </if>
    </set>
    where id = #{id,jdbcType=BIGINT}
  </update>
  <update id="updateByPrimaryKey" parameterType="com.box.entity.DbFiles" >
    update db_files
    set fname = #{fname,jdbcType=VARCHAR},
      fpath = #{fpath,jdbcType=VARCHAR},
      fid = #{fid,jdbcType=INTEGER},
      uid = #{uid,jdbcType=INTEGER},
      aid = #{aid,jdbcType=INTEGER},
      fdescription = #{fdescription,jdbcType=VARCHAR},
      fuploadtime = #{fuploadtime,jdbcType=DATE}
    where id = #{id,jdbcType=BIGINT}
  </update>
</mapper>