<?xml version="1.0" encoding="UTF-8" ?>
<!DOCTYPE mapper PUBLIC "-//mybatis.org//DTD Mapper 3.0//EN" "http://mybatis.org/dtd/mybatis-3-mapper.dtd" >
<mapper namespace="com.box.mapper.DbLinkMapper" >
  <resultMap id="BaseResultMap" type="com.box.entity.DbLink" >
    <id column="id" property="id" jdbcType="INTEGER" />
    <result column="lname" property="lname" jdbcType="VARCHAR" />
    <result column="lpath" property="lpath" jdbcType="VARCHAR" />
    <result column="ldes" property="ldes" jdbcType="VARCHAR" />
  </resultMap>
  <sql id="Example_Where_Clause" >
    <where >
      <foreach collection="oredCriteria" item="criteria" separator="or" >
        <if test="criteria.valid" >
          <trim prefix="(" suffix=")" prefixOverrides="and" >
            <foreach collection="criteria.criteria" item="criterion" >
              <choose >
                <when test="criterion.noValue" >
                  and ${criterion.condition}
                </when>
                <when test="criterion.singleValue" >
                  and ${criterion.condition} #{criterion.value}
                </when>
                <when test="criterion.betweenValue" >
                  and ${criterion.condition} #{criterion.value} and #{criterion.secondValue}
                </when>
                <when test="criterion.listValue" >
                  and ${criterion.condition}
                  <foreach collection="criterion.value" item="listItem" open="(" close=")" separator="," >
                    #{listItem}
                  </foreach>
                </when>
              </choose>
            </foreach>
          </trim>
        </if>
      </foreach>
    </where>
  </sql>
  <sql id="Update_By_Example_Where_Clause" >
    <where >
      <foreach collection="example.oredCriteria" item="criteria" separator="or" >
        <if test="criteria.valid" >
          <trim prefix="(" suffix=")" prefixOverrides="and" >
            <foreach collection="criteria.criteria" item="criterion" >
              <choose >
                <when test="criterion.noValue" >
                  and ${criterion.condition}
                </when>
                <when test="criterion.singleValue" >
                  and ${criterion.condition} #{criterion.value}
                </when>
                <when test="criterion.betweenValue" >
                  and ${criterion.condition} #{criterion.value} and #{criterion.secondValue}
                </when>
                <when test="criterion.listValue" >
                  and ${criterion.condition}
                  <foreach collection="criterion.value" item="listItem" open="(" close=")" separator="," >
                    #{listItem}
                  </foreach>
                </when>
              </choose>
            </foreach>
          </trim>
        </if>
      </foreach>
    </where>
  </sql>
  <sql id="Base_Column_List" >
    id, lname, lpath, ldes
  </sql>
  <select id="selectByExample" resultMap="BaseResultMap" parameterType="com.box.entity.DbLinkExample" >
    select
    <if test="distinct" >
      distinct
    </if>
    <include refid="Base_Column_List" />
    from db_link
    <if test="_parameter != null" >
      <include refid="Example_Where_Clause" />
    </if>
    <if test="orderByClause != null" >
      order by ${orderByClause}
    </if>
  </select>
  <select id="selectByPrimaryKey" resultMap="BaseResultMap" parameterType="java.lang.Integer" >
    select 
    <include refid="Base_Column_List" />
    from db_link
    where id = #{id,jdbcType=INTEGER}
  </select>
  <delete id="deleteByPrimaryKey" parameterType="java.lang.Integer" >
    delete from db_link
    where id = #{id,jdbcType=INTEGER}
  </delete>
  <delete id="deleteByExample" parameterType="com.box.entity.DbLinkExample" >
    delete from db_link
    <if test="_parameter != null" >
      <include refid="Example_Where_Clause" />
    </if>
  </delete>
  <insert id="insert" parameterType="com.box.entity.DbLink" >
    insert into db_link (id, lname, lpath, 
      ldes)
    values (#{id,jdbcType=INTEGER}, #{lname,jdbcType=VARCHAR}, #{lpath,jdbcType=VARCHAR}, 
      #{ldes,jdbcType=VARCHAR})
  </insert>
  <insert id="insertSelective" parameterType="com.box.entity.DbLink" >
    insert into db_link
    <trim prefix="(" suffix=")" suffixOverrides="," >
      <if test="id != null" >
        id,
      </if>
      <if test="lname != null" >
        lname,
      </if>
      <if test="lpath != null" >
        lpath,
      </if>
      <if test="ldes != null" >
        ldes,
      </if>
    </trim>
    <trim prefix="values (" suffix=")" suffixOverrides="," >
      <if test="id != null" >
        #{id,jdbcType=INTEGER},
      </if>
      <if test="lname != null" >
        #{lname,jdbcType=VARCHAR},
      </if>
      <if test="lpath != null" >
        #{lpath,jdbcType=VARCHAR},
      </if>
      <if test="ldes != null" >
        #{ldes,jdbcType=VARCHAR},
      </if>
    </trim>
  </insert>
  <select id="countByExample" parameterType="com.box.entity.DbLinkExample" resultType="java.lang.Integer" >
    select count(*) from db_link
    <if test="_parameter != null" >
      <include refid="Example_Where_Clause" />
    </if>
  </select>
  <update id="updateByExampleSelective" parameterType="map" >
    update db_link
    <set >
      <if test="record.id != null" >
        id = #{record.id,jdbcType=INTEGER},
      </if>
      <if test="record.lname != null" >
        lname = #{record.lname,jdbcType=VARCHAR},
      </if>
      <if test="record.lpath != null" >
        lpath = #{record.lpath,jdbcType=VARCHAR},
      </if>
      <if test="record.ldes != null" >
        ldes = #{record.ldes,jdbcType=VARCHAR},
      </if>
    </set>
    <if test="_parameter != null" >
      <include refid="Update_By_Example_Where_Clause" />
    </if>
  </update>
  <update id="updateByExample" parameterType="map" >
    update db_link
    set id = #{record.id,jdbcType=INTEGER},
      lname = #{record.lname,jdbcType=VARCHAR},
      lpath = #{record.lpath,jdbcType=VARCHAR},
      ldes = #{record.ldes,jdbcType=VARCHAR}
    <if test="_parameter != null" >
      <include refid="Update_By_Example_Where_Clause" />
    </if>
  </update>
  <update id="updateByPrimaryKeySelective" parameterType="com.box.entity.DbLink" >
    update db_link
    <set >
      <if test="lname != null" >
        lname = #{lname,jdbcType=VARCHAR},
      </if>
      <if test="lpath != null" >
        lpath = #{lpath,jdbcType=VARCHAR},
      </if>
      <if test="ldes != null" >
        ldes = #{ldes,jdbcType=VARCHAR},
      </if>
    </set>
    where id = #{id,jdbcType=INTEGER}
  </update>
  <update id="updateByPrimaryKey" parameterType="com.box.entity.DbLink" >
    update db_link
    set lname = #{lname,jdbcType=VARCHAR},
      lpath = #{lpath,jdbcType=VARCHAR},
      ldes = #{ldes,jdbcType=VARCHAR}
    where id = #{id,jdbcType=INTEGER}
  </update>
</mapper>