<?xml version="1.0" encoding="UTF-8" ?>
<!DOCTYPE mapper PUBLIC "-//mybatis.org//DTD Mapper 3.0//EN" "http://mybatis.org/dtd/mybatis-3-mapper.dtd" >
<mapper namespace="com.box.mapper.DbMenusMapper" >
  <resultMap id="BaseResultMap" type="com.box.entity.DbMenus" >
    <id column="menu_id" property="menuId" jdbcType="BIGINT" />
    <result column="title" property="title" jdbcType="VARCHAR" />
    <result column="icon" property="icon" jdbcType="VARCHAR" />
    <result column="href" property="href" jdbcType="VARCHAR" />
    <result column="perms" property="perms" jdbcType="VARCHAR" />
    <result column="spread" property="spread" jdbcType="VARCHAR" />
    <result column="parent_id" property="parentId" jdbcType="BIGINT" />
  </resultMap>
  <sql id="Example_Where_Clause" >
    <where >
      <foreach collection="oredCriteria" item="criteria" separator="or" >
        <if test="criteria.valid" >
          <trim prefix="(" suffix=")" prefixOverrides="and" >
            <foreach collection="criteria.criteria" item="criterion" >
              <choose >
                <when test="criterion.noValue" >
                  and ${criterion.condition}
                </when>
                <when test="criterion.singleValue" >
                  and ${criterion.condition} #{criterion.value}
                </when>
                <when test="criterion.betweenValue" >
                  and ${criterion.condition} #{criterion.value} and #{criterion.secondValue}
                </when>
                <when test="criterion.listValue" >
                  and ${criterion.condition}
                  <foreach collection="criterion.value" item="listItem" open="(" close=")" separator="," >
                    #{listItem}
                  </foreach>
                </when>
              </choose>
            </foreach>
          </trim>
        </if>
      </foreach>
    </where>
  </sql>
  <sql id="Update_By_Example_Where_Clause" >
    <where >
      <foreach collection="example.oredCriteria" item="criteria" separator="or" >
        <if test="criteria.valid" >
          <trim prefix="(" suffix=")" prefixOverrides="and" >
            <foreach collection="criteria.criteria" item="criterion" >
              <choose >
                <when test="criterion.noValue" >
                  and ${criterion.condition}
                </when>
                <when test="criterion.singleValue" >
                  and ${criterion.condition} #{criterion.value}
                </when>
                <when test="criterion.betweenValue" >
                  and ${criterion.condition} #{criterion.value} and #{criterion.secondValue}
                </when>
                <when test="criterion.listValue" >
                  and ${criterion.condition}
                  <foreach collection="criterion.value" item="listItem" open="(" close=")" separator="," >
                    #{listItem}
                  </foreach>
                </when>
              </choose>
            </foreach>
          </trim>
        </if>
      </foreach>
    </where>
  </sql>
  <sql id="Base_Column_List" >
    menu_id, title, icon, href, perms, spread, parent_id
  </sql>
  <select id="selectByExample" resultMap="BaseResultMap" parameterType="com.box.entity.DbMenusExample" >
    select
    <if test="distinct" >
      distinct
    </if>
    <include refid="Base_Column_List" />
    from db_menus
    <if test="_parameter != null" >
      <include refid="Example_Where_Clause" />
    </if>
    <if test="orderByClause != null" >
      order by ${orderByClause}
    </if>
  </select>
  <select id="selectByPrimaryKey" resultMap="BaseResultMap" parameterType="java.lang.Long" >
    select 
    <include refid="Base_Column_List" />
    from db_menus
    where menu_id = #{menuId,jdbcType=BIGINT}
  </select>
  <delete id="deleteByPrimaryKey" parameterType="java.lang.Long" >
    delete from db_menus
    where menu_id = #{menuId,jdbcType=BIGINT}
  </delete>
  <delete id="deleteByExample" parameterType="com.box.entity.DbMenusExample" >
    delete from db_menus
    <if test="_parameter != null" >
      <include refid="Example_Where_Clause" />
    </if>
  </delete>
  <insert id="insert" parameterType="com.box.entity.DbMenus" >
    insert into db_menus (menu_id, title, icon, 
      href, perms, spread, 
      parent_id)
    values (#{menuId,jdbcType=BIGINT}, #{title,jdbcType=VARCHAR}, #{icon,jdbcType=VARCHAR}, 
      #{href,jdbcType=VARCHAR}, #{perms,jdbcType=VARCHAR}, #{spread,jdbcType=VARCHAR}, 
      #{parentId,jdbcType=BIGINT})
  </insert>
  <insert id="insertSelective" parameterType="com.box.entity.DbMenus" >
    insert into db_menus
    <trim prefix="(" suffix=")" suffixOverrides="," >
      <if test="menuId != null" >
        menu_id,
      </if>
      <if test="title != null" >
        title,
      </if>
      <if test="icon != null" >
        icon,
      </if>
      <if test="href != null" >
        href,
      </if>
      <if test="perms != null" >
        perms,
      </if>
      <if test="spread != null" >
        spread,
      </if>
      <if test="parentId != null" >
        parent_id,
      </if>
    </trim>
    <trim prefix="values (" suffix=")" suffixOverrides="," >
      <if test="menuId != null" >
        #{menuId,jdbcType=BIGINT},
      </if>
      <if test="title != null" >
        #{title,jdbcType=VARCHAR},
      </if>
      <if test="icon != null" >
        #{icon,jdbcType=VARCHAR},
      </if>
      <if test="href != null" >
        #{href,jdbcType=VARCHAR},
      </if>
      <if test="perms != null" >
        #{perms,jdbcType=VARCHAR},
      </if>
      <if test="spread != null" >
        #{spread,jdbcType=VARCHAR},
      </if>
      <if test="parentId != null" >
        #{parentId,jdbcType=BIGINT},
      </if>
    </trim>
  </insert>
  <select id="countByExample" parameterType="com.box.entity.DbMenusExample" resultType="java.lang.Integer" >
    select count(*) from db_menus
    <if test="_parameter != null" >
      <include refid="Example_Where_Clause" />
    </if>
  </select>
  <update id="updateByExampleSelective" parameterType="map" >
    update db_menus
    <set >
      <if test="record.menuId != null" >
        menu_id = #{record.menuId,jdbcType=BIGINT},
      </if>
      <if test="record.title != null" >
        title = #{record.title,jdbcType=VARCHAR},
      </if>
      <if test="record.icon != null" >
        icon = #{record.icon,jdbcType=VARCHAR},
      </if>
      <if test="record.href != null" >
        href = #{record.href,jdbcType=VARCHAR},
      </if>
      <if test="record.perms != null" >
        perms = #{record.perms,jdbcType=VARCHAR},
      </if>
      <if test="record.spread != null" >
        spread = #{record.spread,jdbcType=VARCHAR},
      </if>
      <if test="record.parentId != null" >
        parent_id = #{record.parentId,jdbcType=BIGINT},
      </if>
    </set>
    <if test="_parameter != null" >
      <include refid="Update_By_Example_Where_Clause" />
    </if>
  </update>
  <update id="updateByExample" parameterType="map" >
    update db_menus
    set menu_id = #{record.menuId,jdbcType=BIGINT},
      title = #{record.title,jdbcType=VARCHAR},
      icon = #{record.icon,jdbcType=VARCHAR},
      href = #{record.href,jdbcType=VARCHAR},
      perms = #{record.perms,jdbcType=VARCHAR},
      spread = #{record.spread,jdbcType=VARCHAR},
      parent_id = #{record.parentId,jdbcType=BIGINT}
    <if test="_parameter != null" >
      <include refid="Update_By_Example_Where_Clause" />
    </if>
  </update>
  <update id="updateByPrimaryKeySelective" parameterType="com.box.entity.DbMenus" >
    update db_menus
    <set >
      <if test="title != null" >
        title = #{title,jdbcType=VARCHAR},
      </if>
      <if test="icon != null" >
        icon = #{icon,jdbcType=VARCHAR},
      </if>
      <if test="href != null" >
        href = #{href,jdbcType=VARCHAR},
      </if>
      <if test="perms != null" >
        perms = #{perms,jdbcType=VARCHAR},
      </if>
      <if test="spread != null" >
        spread = #{spread,jdbcType=VARCHAR},
      </if>
      <if test="parentId != null" >
        parent_id = #{parentId,jdbcType=BIGINT},
      </if>
    </set>
    where menu_id = #{menuId,jdbcType=BIGINT}
  </update>
  <update id="updateByPrimaryKey" parameterType="com.box.entity.DbMenus" >
    update db_menus
    set title = #{title,jdbcType=VARCHAR},
      icon = #{icon,jdbcType=VARCHAR},
      href = #{href,jdbcType=VARCHAR},
      perms = #{perms,jdbcType=VARCHAR},
      spread = #{spread,jdbcType=VARCHAR},
      parent_id = #{parentId,jdbcType=BIGINT}
    where menu_id = #{menuId,jdbcType=BIGINT}
  </update>
</mapper>