<?xml version="1.0" encoding="UTF-8" ?>
<!DOCTYPE mapper PUBLIC "-//mybatis.org//DTD Mapper 3.0//EN" "http://mybatis.org/dtd/mybatis-3-mapper.dtd" >
<mapper namespace="com.box.mapper.DbMusicsMapper" >
  <resultMap id="BaseResultMap" type="com.box.entity.DbMusics" >
    <id column="id" property="id" jdbcType="INTEGER" />
    <result column="mname" property="mname" jdbcType="VARCHAR" />
    <result column="mpath" property="mpath" jdbcType="VARCHAR" />
    <result column="uid" property="uid" jdbcType="INTEGER" />
    <result column="aid" property="aid" jdbcType="INTEGER" />
  </resultMap>
  <sql id="Example_Where_Clause" >
    <where >
      <foreach collection="oredCriteria" item="criteria" separator="or" >
        <if test="criteria.valid" >
          <trim prefix="(" suffix=")" prefixOverrides="and" >
            <foreach collection="criteria.criteria" item="criterion" >
              <choose >
                <when test="criterion.noValue" >
                  and ${criterion.condition}
                </when>
                <when test="criterion.singleValue" >
                  and ${criterion.condition} #{criterion.value}
                </when>
                <when test="criterion.betweenValue" >
                  and ${criterion.condition} #{criterion.value} and #{criterion.secondValue}
                </when>
                <when test="criterion.listValue" >
                  and ${criterion.condition}
                  <foreach collection="criterion.value" item="listItem" open="(" close=")" separator="," >
                    #{listItem}
                  </foreach>
                </when>
              </choose>
            </foreach>
          </trim>
        </if>
      </foreach>
    </where>
  </sql>
  <sql id="Update_By_Example_Where_Clause" >
    <where >
      <foreach collection="example.oredCriteria" item="criteria" separator="or" >
        <if test="criteria.valid" >
          <trim prefix="(" suffix=")" prefixOverrides="and" >
            <foreach collection="criteria.criteria" item="criterion" >
              <choose >
                <when test="criterion.noValue" >
                  and ${criterion.condition}
                </when>
                <when test="criterion.singleValue" >
                  and ${criterion.condition} #{criterion.value}
                </when>
                <when test="criterion.betweenValue" >
                  and ${criterion.condition} #{criterion.value} and #{criterion.secondValue}
                </when>
                <when test="criterion.listValue" >
                  and ${criterion.condition}
                  <foreach collection="criterion.value" item="listItem" open="(" close=")" separator="," >
                    #{listItem}
                  </foreach>
                </when>
              </choose>
            </foreach>
          </trim>
        </if>
      </foreach>
    </where>
  </sql>
  <sql id="Base_Column_List" >
    id, mname, mpath, uid, aid
  </sql>
  <select id="selectByExample" resultMap="BaseResultMap" parameterType="com.box.entity.DbMusicsExample" >
    select
    <if test="distinct" >
      distinct
    </if>
    <include refid="Base_Column_List" />
    from db_musics
    <if test="_parameter != null" >
      <include refid="Example_Where_Clause" />
    </if>
    <if test="orderByClause != null" >
      order by ${orderByClause}
    </if>
  </select>
  <select id="selectByPrimaryKey" resultMap="BaseResultMap" parameterType="java.lang.Integer" >
    select 
    <include refid="Base_Column_List" />
    from db_musics
    where id = #{id,jdbcType=INTEGER}
  </select>
  <delete id="deleteByPrimaryKey" parameterType="java.lang.Integer" >
    delete from db_musics
    where id = #{id,jdbcType=INTEGER}
  </delete>
  <delete id="deleteByExample" parameterType="com.box.entity.DbMusicsExample" >
    delete from db_musics
    <if test="_parameter != null" >
      <include refid="Example_Where_Clause" />
    </if>
  </delete>
  <insert id="insert" parameterType="com.box.entity.DbMusics" >
    insert into db_musics (id, mname, mpath, 
      uid, aid)
    values (#{id,jdbcType=INTEGER}, #{mname,jdbcType=VARCHAR}, #{mpath,jdbcType=VARCHAR}, 
      #{uid,jdbcType=INTEGER}, #{aid,jdbcType=INTEGER})
  </insert>
  <insert id="insertSelective" parameterType="com.box.entity.DbMusics" >
    insert into db_musics
    <trim prefix="(" suffix=")" suffixOverrides="," >
      <if test="id != null" >
        id,
      </if>
      <if test="mname != null" >
        mname,
      </if>
      <if test="mpath != null" >
        mpath,
      </if>
      <if test="uid != null" >
        uid,
      </if>
      <if test="aid != null" >
        aid,
      </if>
    </trim>
    <trim prefix="values (" suffix=")" suffixOverrides="," >
      <if test="id != null" >
        #{id,jdbcType=INTEGER},
      </if>
      <if test="mname != null" >
        #{mname,jdbcType=VARCHAR},
      </if>
      <if test="mpath != null" >
        #{mpath,jdbcType=VARCHAR},
      </if>
      <if test="uid != null" >
        #{uid,jdbcType=INTEGER},
      </if>
      <if test="aid != null" >
        #{aid,jdbcType=INTEGER},
      </if>
    </trim>
  </insert>
  <select id="countByExample" parameterType="com.box.entity.DbMusicsExample" resultType="java.lang.Integer" >
    select count(*) from db_musics
    <if test="_parameter != null" >
      <include refid="Example_Where_Clause" />
    </if>
  </select>
  <update id="updateByExampleSelective" parameterType="map" >
    update db_musics
    <set >
      <if test="record.id != null" >
        id = #{record.id,jdbcType=INTEGER},
      </if>
      <if test="record.mname != null" >
        mname = #{record.mname,jdbcType=VARCHAR},
      </if>
      <if test="record.mpath != null" >
        mpath = #{record.mpath,jdbcType=VARCHAR},
      </if>
      <if test="record.uid != null" >
        uid = #{record.uid,jdbcType=INTEGER},
      </if>
      <if test="record.aid != null" >
        aid = #{record.aid,jdbcType=INTEGER},
      </if>
    </set>
    <if test="_parameter != null" >
      <include refid="Update_By_Example_Where_Clause" />
    </if>
  </update>
  <update id="updateByExample" parameterType="map" >
    update db_musics
    set id = #{record.id,jdbcType=INTEGER},
      mname = #{record.mname,jdbcType=VARCHAR},
      mpath = #{record.mpath,jdbcType=VARCHAR},
      uid = #{record.uid,jdbcType=INTEGER},
      aid = #{record.aid,jdbcType=INTEGER}
    <if test="_parameter != null" >
      <include refid="Update_By_Example_Where_Clause" />
    </if>
  </update>
  <update id="updateByPrimaryKeySelective" parameterType="com.box.entity.DbMusics" >
    update db_musics
    <set >
      <if test="mname != null" >
        mname = #{mname,jdbcType=VARCHAR},
      </if>
      <if test="mpath != null" >
        mpath = #{mpath,jdbcType=VARCHAR},
      </if>
      <if test="uid != null" >
        uid = #{uid,jdbcType=INTEGER},
      </if>
      <if test="aid != null" >
        aid = #{aid,jdbcType=INTEGER},
      </if>
    </set>
    where id = #{id,jdbcType=INTEGER}
  </update>
  <update id="updateByPrimaryKey" parameterType="com.box.entity.DbMusics" >
    update db_musics
    set mname = #{mname,jdbcType=VARCHAR},
      mpath = #{mpath,jdbcType=VARCHAR},
      uid = #{uid,jdbcType=INTEGER},
      aid = #{aid,jdbcType=INTEGER}
    where id = #{id,jdbcType=INTEGER}
  </update>
</mapper>