<?xml version="1.0" encoding="UTF-8" ?>
<!DOCTYPE mapper PUBLIC "-//mybatis.org//DTD Mapper 3.0//EN" "http://mybatis.org/dtd/mybatis-3-mapper.dtd" >
<mapper namespace="com.box.mapper.DbResemeMapper" >
  <resultMap id="BaseResultMap" type="com.box.entity.DbReseme" >
    <id column="infoid" property="infoid" jdbcType="INTEGER" />
    <result column="realname" property="realname" jdbcType="VARCHAR" />
    <result column="idcard" property="idcard" jdbcType="VARCHAR" />
    <result column="phonenumber" property="phonenumber" jdbcType="VARCHAR" />
    <result column="sex" property="sex" jdbcType="VARCHAR" />
    <result column="collage" property="collage" jdbcType="VARCHAR" />
    <result column="marriaged" property="marriaged" jdbcType="VARCHAR" />
    <result column="startworktime" property="startworktime" jdbcType="TIMESTAMP" />
    <result column="endworktime" property="endworktime" jdbcType="TIMESTAMP" />
    <result column="worktype" property="worktype" jdbcType="VARCHAR" />
    <result column="workname" property="workname" jdbcType="VARCHAR" />
    <result column="startschooltime" property="startschooltime" jdbcType="TIMESTAMP" />
    <result column="endschooltime" property="endschooltime" jdbcType="TIMESTAMP" />
    <result column="experence" property="experence" jdbcType="VARCHAR" />
    <result column="educational" property="educational" jdbcType="VARCHAR" />
  </resultMap>
  <sql id="Example_Where_Clause" >
    <where >
      <foreach collection="oredCriteria" item="criteria" separator="or" >
        <if test="criteria.valid" >
          <trim prefix="(" suffix=")" prefixOverrides="and" >
            <foreach collection="criteria.criteria" item="criterion" >
              <choose >
                <when test="criterion.noValue" >
                  and ${criterion.condition}
                </when>
                <when test="criterion.singleValue" >
                  and ${criterion.condition} #{criterion.value}
                </when>
                <when test="criterion.betweenValue" >
                  and ${criterion.condition} #{criterion.value} and #{criterion.secondValue}
                </when>
                <when test="criterion.listValue" >
                  and ${criterion.condition}
                  <foreach collection="criterion.value" item="listItem" open="(" close=")" separator="," >
                    #{listItem}
                  </foreach>
                </when>
              </choose>
            </foreach>
          </trim>
        </if>
      </foreach>
    </where>
  </sql>
  <sql id="Update_By_Example_Where_Clause" >
    <where >
      <foreach collection="example.oredCriteria" item="criteria" separator="or" >
        <if test="criteria.valid" >
          <trim prefix="(" suffix=")" prefixOverrides="and" >
            <foreach collection="criteria.criteria" item="criterion" >
              <choose >
                <when test="criterion.noValue" >
                  and ${criterion.condition}
                </when>
                <when test="criterion.singleValue" >
                  and ${criterion.condition} #{criterion.value}
                </when>
                <when test="criterion.betweenValue" >
                  and ${criterion.condition} #{criterion.value} and #{criterion.secondValue}
                </when>
                <when test="criterion.listValue" >
                  and ${criterion.condition}
                  <foreach collection="criterion.value" item="listItem" open="(" close=")" separator="," >
                    #{listItem}
                  </foreach>
                </when>
              </choose>
            </foreach>
          </trim>
        </if>
      </foreach>
    </where>
  </sql>
  <sql id="Base_Column_List" >
    infoid, realname, idcard, phonenumber, sex, collage, marriaged, startworktime, endworktime, 
    worktype, workname, startschooltime, endschooltime, experence, educational
  </sql>
  <select id="selectByExample" resultMap="BaseResultMap" parameterType="com.box.entity.DbResemeExample" >
    select
    <if test="distinct" >
      distinct
    </if>
    <include refid="Base_Column_List" />
    from db_reseme
    <if test="_parameter != null" >
      <include refid="Example_Where_Clause" />
    </if>
    <if test="orderByClause != null" >
      order by ${orderByClause}
    </if>
  </select>
  <select id="selectByPrimaryKey" resultMap="BaseResultMap" parameterType="java.lang.Integer" >
    select 
    <include refid="Base_Column_List" />
    from db_reseme
    where infoid = #{infoid,jdbcType=INTEGER}
  </select>
  <delete id="deleteByPrimaryKey" parameterType="java.lang.Integer" >
    delete from db_reseme
    where infoid = #{infoid,jdbcType=INTEGER}
  </delete>
  <delete id="deleteByExample" parameterType="com.box.entity.DbResemeExample" >
    delete from db_reseme
    <if test="_parameter != null" >
      <include refid="Example_Where_Clause" />
    </if>
  </delete>
  <insert id="insert" parameterType="com.box.entity.DbReseme" >
    insert into db_reseme (infoid, realname, idcard, 
      phonenumber, sex, collage, 
      marriaged, startworktime, endworktime, 
      worktype, workname, startschooltime, 
      endschooltime, experence, educational
      )
    values (#{infoid,jdbcType=INTEGER}, #{realname,jdbcType=VARCHAR}, #{idcard,jdbcType=VARCHAR}, 
      #{phonenumber,jdbcType=VARCHAR}, #{sex,jdbcType=VARCHAR}, #{collage,jdbcType=VARCHAR}, 
      #{marriaged,jdbcType=VARCHAR}, #{startworktime,jdbcType=TIMESTAMP}, #{endworktime,jdbcType=TIMESTAMP}, 
      #{worktype,jdbcType=VARCHAR}, #{workname,jdbcType=VARCHAR}, #{startschooltime,jdbcType=TIMESTAMP}, 
      #{endschooltime,jdbcType=TIMESTAMP}, #{experence,jdbcType=VARCHAR}, #{educational,jdbcType=VARCHAR}
      )
  </insert>
  <insert id="insertSelective" parameterType="com.box.entity.DbReseme" >
    insert into db_reseme
    <trim prefix="(" suffix=")" suffixOverrides="," >
      <if test="infoid != null" >
        infoid,
      </if>
      <if test="realname != null" >
        realname,
      </if>
      <if test="idcard != null" >
        idcard,
      </if>
      <if test="phonenumber != null" >
        phonenumber,
      </if>
      <if test="sex != null" >
        sex,
      </if>
      <if test="collage != null" >
        collage,
      </if>
      <if test="marriaged != null" >
        marriaged,
      </if>
      <if test="startworktime != null" >
        startworktime,
      </if>
      <if test="endworktime != null" >
        endworktime,
      </if>
      <if test="worktype != null" >
        worktype,
      </if>
      <if test="workname != null" >
        workname,
      </if>
      <if test="startschooltime != null" >
        startschooltime,
      </if>
      <if test="endschooltime != null" >
        endschooltime,
      </if>
      <if test="experence != null" >
        experence,
      </if>
      <if test="educational != null" >
        educational,
      </if>
    </trim>
    <trim prefix="values (" suffix=")" suffixOverrides="," >
      <if test="infoid != null" >
        #{infoid,jdbcType=INTEGER},
      </if>
      <if test="realname != null" >
        #{realname,jdbcType=VARCHAR},
      </if>
      <if test="idcard != null" >
        #{idcard,jdbcType=VARCHAR},
      </if>
      <if test="phonenumber != null" >
        #{phonenumber,jdbcType=VARCHAR},
      </if>
      <if test="sex != null" >
        #{sex,jdbcType=VARCHAR},
      </if>
      <if test="collage != null" >
        #{collage,jdbcType=VARCHAR},
      </if>
      <if test="marriaged != null" >
        #{marriaged,jdbcType=VARCHAR},
      </if>
      <if test="startworktime != null" >
        #{startworktime,jdbcType=TIMESTAMP},
      </if>
      <if test="endworktime != null" >
        #{endworktime,jdbcType=TIMESTAMP},
      </if>
      <if test="worktype != null" >
        #{worktype,jdbcType=VARCHAR},
      </if>
      <if test="workname != null" >
        #{workname,jdbcType=VARCHAR},
      </if>
      <if test="startschooltime != null" >
        #{startschooltime,jdbcType=TIMESTAMP},
      </if>
      <if test="endschooltime != null" >
        #{endschooltime,jdbcType=TIMESTAMP},
      </if>
      <if test="experence != null" >
        #{experence,jdbcType=VARCHAR},
      </if>
      <if test="educational != null" >
        #{educational,jdbcType=VARCHAR},
      </if>
    </trim>
  </insert>
  <select id="countByExample" parameterType="com.box.entity.DbResemeExample" resultType="java.lang.Integer" >
    select count(*) from db_reseme
    <if test="_parameter != null" >
      <include refid="Example_Where_Clause" />
    </if>
  </select>
  <update id="updateByExampleSelective" parameterType="map" >
    update db_reseme
    <set >
      <if test="record.infoid != null" >
        infoid = #{record.infoid,jdbcType=INTEGER},
      </if>
      <if test="record.realname != null" >
        realname = #{record.realname,jdbcType=VARCHAR},
      </if>
      <if test="record.idcard != null" >
        idcard = #{record.idcard,jdbcType=VARCHAR},
      </if>
      <if test="record.phonenumber != null" >
        phonenumber = #{record.phonenumber,jdbcType=VARCHAR},
      </if>
      <if test="record.sex != null" >
        sex = #{record.sex,jdbcType=VARCHAR},
      </if>
      <if test="record.collage != null" >
        collage = #{record.collage,jdbcType=VARCHAR},
      </if>
      <if test="record.marriaged != null" >
        marriaged = #{record.marriaged,jdbcType=VARCHAR},
      </if>
      <if test="record.startworktime != null" >
        startworktime = #{record.startworktime,jdbcType=TIMESTAMP},
      </if>
      <if test="record.endworktime != null" >
        endworktime = #{record.endworktime,jdbcType=TIMESTAMP},
      </if>
      <if test="record.worktype != null" >
        worktype = #{record.worktype,jdbcType=VARCHAR},
      </if>
      <if test="record.workname != null" >
        workname = #{record.workname,jdbcType=VARCHAR},
      </if>
      <if test="record.startschooltime != null" >
        startschooltime = #{record.startschooltime,jdbcType=TIMESTAMP},
      </if>
      <if test="record.endschooltime != null" >
        endschooltime = #{record.endschooltime,jdbcType=TIMESTAMP},
      </if>
      <if test="record.experence != null" >
        experence = #{record.experence,jdbcType=VARCHAR},
      </if>
      <if test="record.educational != null" >
        educational = #{record.educational,jdbcType=VARCHAR},
      </if>
    </set>
    <if test="_parameter != null" >
      <include refid="Update_By_Example_Where_Clause" />
    </if>
  </update>
  <update id="updateByExample" parameterType="map" >
    update db_reseme
    set infoid = #{record.infoid,jdbcType=INTEGER},
      realname = #{record.realname,jdbcType=VARCHAR},
      idcard = #{record.idcard,jdbcType=VARCHAR},
      phonenumber = #{record.phonenumber,jdbcType=VARCHAR},
      sex = #{record.sex,jdbcType=VARCHAR},
      collage = #{record.collage,jdbcType=VARCHAR},
      marriaged = #{record.marriaged,jdbcType=VARCHAR},
      startworktime = #{record.startworktime,jdbcType=TIMESTAMP},
      endworktime = #{record.endworktime,jdbcType=TIMESTAMP},
      worktype = #{record.worktype,jdbcType=VARCHAR},
      workname = #{record.workname,jdbcType=VARCHAR},
      startschooltime = #{record.startschooltime,jdbcType=TIMESTAMP},
      endschooltime = #{record.endschooltime,jdbcType=TIMESTAMP},
      experence = #{record.experence,jdbcType=VARCHAR},
      educational = #{record.educational,jdbcType=VARCHAR}
    <if test="_parameter != null" >
      <include refid="Update_By_Example_Where_Clause" />
    </if>
  </update>
  <update id="updateByPrimaryKeySelective" parameterType="com.box.entity.DbReseme" >
    update db_reseme
    <set >
      <if test="realname != null" >
        realname = #{realname,jdbcType=VARCHAR},
      </if>
      <if test="idcard != null" >
        idcard = #{idcard,jdbcType=VARCHAR},
      </if>
      <if test="phonenumber != null" >
        phonenumber = #{phonenumber,jdbcType=VARCHAR},
      </if>
      <if test="sex != null" >
        sex = #{sex,jdbcType=VARCHAR},
      </if>
      <if test="collage != null" >
        collage = #{collage,jdbcType=VARCHAR},
      </if>
      <if test="marriaged != null" >
        marriaged = #{marriaged,jdbcType=VARCHAR},
      </if>
      <if test="startworktime != null" >
        startworktime = #{startworktime,jdbcType=TIMESTAMP},
      </if>
      <if test="endworktime != null" >
        endworktime = #{endworktime,jdbcType=TIMESTAMP},
      </if>
      <if test="worktype != null" >
        worktype = #{worktype,jdbcType=VARCHAR},
      </if>
      <if test="workname != null" >
        workname = #{workname,jdbcType=VARCHAR},
      </if>
      <if test="startschooltime != null" >
        startschooltime = #{startschooltime,jdbcType=TIMESTAMP},
      </if>
      <if test="endschooltime != null" >
        endschooltime = #{endschooltime,jdbcType=TIMESTAMP},
      </if>
      <if test="experence != null" >
        experence = #{experence,jdbcType=VARCHAR},
      </if>
      <if test="educational != null" >
        educational = #{educational,jdbcType=VARCHAR},
      </if>
    </set>
    where infoid = #{infoid,jdbcType=INTEGER}
  </update>
  <update id="updateByPrimaryKey" parameterType="com.box.entity.DbReseme" >
    update db_reseme
    set realname = #{realname,jdbcType=VARCHAR},
      idcard = #{idcard,jdbcType=VARCHAR},
      phonenumber = #{phonenumber,jdbcType=VARCHAR},
      sex = #{sex,jdbcType=VARCHAR},
      collage = #{collage,jdbcType=VARCHAR},
      marriaged = #{marriaged,jdbcType=VARCHAR},
      startworktime = #{startworktime,jdbcType=TIMESTAMP},
      endworktime = #{endworktime,jdbcType=TIMESTAMP},
      worktype = #{worktype,jdbcType=VARCHAR},
      workname = #{workname,jdbcType=VARCHAR},
      startschooltime = #{startschooltime,jdbcType=TIMESTAMP},
      endschooltime = #{endschooltime,jdbcType=TIMESTAMP},
      experence = #{experence,jdbcType=VARCHAR},
      educational = #{educational,jdbcType=VARCHAR}
    where infoid = #{infoid,jdbcType=INTEGER}
  </update>
</mapper>