<?xml version="1.0" encoding="UTF-8" ?>
<!DOCTYPE mapper PUBLIC "-//mybatis.org//DTD Mapper 3.0//EN" "http://mybatis.org/dtd/mybatis-3-mapper.dtd" >
<mapper namespace="com.box.mapper.DbReplymessageMapper" >
  <resultMap id="BaseResultMap" type="com.box.entity.DbReplymessage" >
    <id column="rid" property="rid" jdbcType="INTEGER" />
    <result column="rcontent" property="rcontent" jdbcType="VARCHAR" />
    <result column="rcreateTime" property="rcreatetime" jdbcType="TIMESTAMP" />
    <result column="lvid" property="lvid" jdbcType="INTEGER" />
    <result column="uid" property="uid" jdbcType="INTEGER" />
    <result column="status" property="status" jdbcType="INTEGER" />
    <result column="isView" property="isview" jdbcType="BIT" />
    <result column="reson" property="reson" jdbcType="VARCHAR" />
  </resultMap>
  <sql id="Example_Where_Clause" >
    <where >
      <foreach collection="oredCriteria" item="criteria" separator="or" >
        <if test="criteria.valid" >
          <trim prefix="(" suffix=")" prefixOverrides="and" >
            <foreach collection="criteria.criteria" item="criterion" >
              <choose >
                <when test="criterion.noValue" >
                  and ${criterion.condition}
                </when>
                <when test="criterion.singleValue" >
                  and ${criterion.condition} #{criterion.value}
                </when>
                <when test="criterion.betweenValue" >
                  and ${criterion.condition} #{criterion.value} and #{criterion.secondValue}
                </when>
                <when test="criterion.listValue" >
                  and ${criterion.condition}
                  <foreach collection="criterion.value" item="listItem" open="(" close=")" separator="," >
                    #{listItem}
                  </foreach>
                </when>
              </choose>
            </foreach>
          </trim>
        </if>
      </foreach>
    </where>
  </sql>
  <sql id="Update_By_Example_Where_Clause" >
    <where >
      <foreach collection="example.oredCriteria" item="criteria" separator="or" >
        <if test="criteria.valid" >
          <trim prefix="(" suffix=")" prefixOverrides="and" >
            <foreach collection="criteria.criteria" item="criterion" >
              <choose >
                <when test="criterion.noValue" >
                  and ${criterion.condition}
                </when>
                <when test="criterion.singleValue" >
                  and ${criterion.condition} #{criterion.value}
                </when>
                <when test="criterion.betweenValue" >
                  and ${criterion.condition} #{criterion.value} and #{criterion.secondValue}
                </when>
                <when test="criterion.listValue" >
                  and ${criterion.condition}
                  <foreach collection="criterion.value" item="listItem" open="(" close=")" separator="," >
                    #{listItem}
                  </foreach>
                </when>
              </choose>
            </foreach>
          </trim>
        </if>
      </foreach>
    </where>
  </sql>
  <sql id="Base_Column_List" >
    rid, rcontent, rcreateTime, lvid, uid, status, isView, reson
  </sql>
  <select id="selectByExample" resultMap="BaseResultMap" parameterType="com.box.entity.DbReplymessageExample" >
    select
    <if test="distinct" >
      distinct
    </if>
    <include refid="Base_Column_List" />
    from db_replymessage
    <if test="_parameter != null" >
      <include refid="Example_Where_Clause" />
    </if>
    <if test="orderByClause != null" >
      order by ${orderByClause}
    </if>
  </select>
  <select id="selectByPrimaryKey" resultMap="BaseResultMap" parameterType="java.lang.Integer" >
    select 
    <include refid="Base_Column_List" />
    from db_replymessage
    where rid = #{rid,jdbcType=INTEGER}
  </select>
  <delete id="deleteByPrimaryKey" parameterType="java.lang.Integer" >
    delete from db_replymessage
    where rid = #{rid,jdbcType=INTEGER}
  </delete>
  <delete id="deleteByExample" parameterType="com.box.entity.DbReplymessageExample" >
    delete from db_replymessage
    <if test="_parameter != null" >
      <include refid="Example_Where_Clause" />
    </if>
  </delete>
  <insert id="insert" parameterType="com.box.entity.DbReplymessage" >
    insert into db_replymessage (rid, rcontent, rcreateTime, 
      lvid, uid, status, 
      isView, reson)
    values (#{rid,jdbcType=INTEGER}, #{rcontent,jdbcType=VARCHAR}, #{rcreatetime,jdbcType=TIMESTAMP}, 
      #{lvid,jdbcType=INTEGER}, #{uid,jdbcType=INTEGER}, #{status,jdbcType=INTEGER}, 
      #{isview,jdbcType=BIT}, #{reson,jdbcType=VARCHAR})
  </insert>
  <insert id="insertSelective" parameterType="com.box.entity.DbReplymessage" >
    insert into db_replymessage
    <trim prefix="(" suffix=")" suffixOverrides="," >
      <if test="rid != null" >
        rid,
      </if>
      <if test="rcontent != null" >
        rcontent,
      </if>
      <if test="rcreatetime != null" >
        rcreateTime,
      </if>
      <if test="lvid != null" >
        lvid,
      </if>
      <if test="uid != null" >
        uid,
      </if>
      <if test="status != null" >
        status,
      </if>
      <if test="isview != null" >
        isView,
      </if>
      <if test="reson != null" >
        reson,
      </if>
    </trim>
    <trim prefix="values (" suffix=")" suffixOverrides="," >
      <if test="rid != null" >
        #{rid,jdbcType=INTEGER},
      </if>
      <if test="rcontent != null" >
        #{rcontent,jdbcType=VARCHAR},
      </if>
      <if test="rcreatetime != null" >
        #{rcreatetime,jdbcType=TIMESTAMP},
      </if>
      <if test="lvid != null" >
        #{lvid,jdbcType=INTEGER},
      </if>
      <if test="uid != null" >
        #{uid,jdbcType=INTEGER},
      </if>
      <if test="status != null" >
        #{status,jdbcType=INTEGER},
      </if>
      <if test="isview != null" >
        #{isview,jdbcType=BIT},
      </if>
      <if test="reson != null" >
        #{reson,jdbcType=VARCHAR},
      </if>
    </trim>
  </insert>
  <select id="countByExample" parameterType="com.box.entity.DbReplymessageExample" resultType="java.lang.Integer" >
    select count(*) from db_replymessage
    <if test="_parameter != null" >
      <include refid="Example_Where_Clause" />
    </if>
  </select>
  <update id="updateByExampleSelective" parameterType="map" >
    update db_replymessage
    <set >
      <if test="record.rid != null" >
        rid = #{record.rid,jdbcType=INTEGER},
      </if>
      <if test="record.rcontent != null" >
        rcontent = #{record.rcontent,jdbcType=VARCHAR},
      </if>
      <if test="record.rcreatetime != null" >
        rcreateTime = #{record.rcreatetime,jdbcType=TIMESTAMP},
      </if>
      <if test="record.lvid != null" >
        lvid = #{record.lvid,jdbcType=INTEGER},
      </if>
      <if test="record.uid != null" >
        uid = #{record.uid,jdbcType=INTEGER},
      </if>
      <if test="record.status != null" >
        status = #{record.status,jdbcType=INTEGER},
      </if>
      <if test="record.isview != null" >
        isView = #{record.isview,jdbcType=BIT},
      </if>
      <if test="record.reson != null" >
        reson = #{record.reson,jdbcType=VARCHAR},
      </if>
    </set>
    <if test="_parameter != null" >
      <include refid="Update_By_Example_Where_Clause" />
    </if>
  </update>
  <update id="updateByExample" parameterType="map" >
    update db_replymessage
    set rid = #{record.rid,jdbcType=INTEGER},
      rcontent = #{record.rcontent,jdbcType=VARCHAR},
      rcreateTime = #{record.rcreatetime,jdbcType=TIMESTAMP},
      lvid = #{record.lvid,jdbcType=INTEGER},
      uid = #{record.uid,jdbcType=INTEGER},
      status = #{record.status,jdbcType=INTEGER},
      isView = #{record.isview,jdbcType=BIT},
      reson = #{record.reson,jdbcType=VARCHAR}
    <if test="_parameter != null" >
      <include refid="Update_By_Example_Where_Clause" />
    </if>
  </update>
  <update id="updateByPrimaryKeySelective" parameterType="com.box.entity.DbReplymessage" >
    update db_replymessage
    <set >
      <if test="rcontent != null" >
        rcontent = #{rcontent,jdbcType=VARCHAR},
      </if>
      <if test="rcreatetime != null" >
        rcreateTime = #{rcreatetime,jdbcType=TIMESTAMP},
      </if>
      <if test="lvid != null" >
        lvid = #{lvid,jdbcType=INTEGER},
      </if>
      <if test="uid != null" >
        uid = #{uid,jdbcType=INTEGER},
      </if>
      <if test="status != null" >
        status = #{status,jdbcType=INTEGER},
      </if>
      <if test="isview != null" >
        isView = #{isview,jdbcType=BIT},
      </if>
      <if test="reson != null" >
        reson = #{reson,jdbcType=VARCHAR},
      </if>
    </set>
    where rid = #{rid,jdbcType=INTEGER}
  </update>
  <update id="updateByPrimaryKey" parameterType="com.box.entity.DbReplymessage" >
    update db_replymessage
    set rcontent = #{rcontent,jdbcType=VARCHAR},
      rcreateTime = #{rcreatetime,jdbcType=TIMESTAMP},
      lvid = #{lvid,jdbcType=INTEGER},
      uid = #{uid,jdbcType=INTEGER},
      status = #{status,jdbcType=INTEGER},
      isView = #{isview,jdbcType=BIT},
      reson = #{reson,jdbcType=VARCHAR}
    where rid = #{rid,jdbcType=INTEGER}
  </update>
</mapper>