<?xml version="1.0" encoding="UTF-8" ?>
<!DOCTYPE mapper PUBLIC "-//mybatis.org//DTD Mapper 3.0//EN" "http://mybatis.org/dtd/mybatis-3-mapper.dtd" >
<mapper namespace="com.box.mapper.DbRolesMapper" >
  <resultMap id="BaseResultMap" type="com.box.entity.DbRoles" >
    <id column="role_id" property="roleId" jdbcType="BIGINT" />
    <result column="role_name" property="roleName" jdbcType="VARCHAR" />
    <result column="role_remark" property="roleRemark" jdbcType="VARCHAR" />
  </resultMap>
  <sql id="Example_Where_Clause" >
    <where >
      <foreach collection="oredCriteria" item="criteria" separator="or" >
        <if test="criteria.valid" >
          <trim prefix="(" suffix=")" prefixOverrides="and" >
            <foreach collection="criteria.criteria" item="criterion" >
              <choose >
                <when test="criterion.noValue" >
                  and ${criterion.condition}
                </when>
                <when test="criterion.singleValue" >
                  and ${criterion.condition} #{criterion.value}
                </when>
                <when test="criterion.betweenValue" >
                  and ${criterion.condition} #{criterion.value} and #{criterion.secondValue}
                </when>
                <when test="criterion.listValue" >
                  and ${criterion.condition}
                  <foreach collection="criterion.value" item="listItem" open="(" close=")" separator="," >
                    #{listItem}
                  </foreach>
                </when>
              </choose>
            </foreach>
          </trim>
        </if>
      </foreach>
    </where>
  </sql>
  <sql id="Update_By_Example_Where_Clause" >
    <where >
      <foreach collection="example.oredCriteria" item="criteria" separator="or" >
        <if test="criteria.valid" >
          <trim prefix="(" suffix=")" prefixOverrides="and" >
            <foreach collection="criteria.criteria" item="criterion" >
              <choose >
                <when test="criterion.noValue" >
                  and ${criterion.condition}
                </when>
                <when test="criterion.singleValue" >
                  and ${criterion.condition} #{criterion.value}
                </when>
                <when test="criterion.betweenValue" >
                  and ${criterion.condition} #{criterion.value} and #{criterion.secondValue}
                </when>
                <when test="criterion.listValue" >
                  and ${criterion.condition}
                  <foreach collection="criterion.value" item="listItem" open="(" close=")" separator="," >
                    #{listItem}
                  </foreach>
                </when>
              </choose>
            </foreach>
          </trim>
        </if>
      </foreach>
    </where>
  </sql>
  <sql id="Base_Column_List" >
    role_id, role_name, role_remark
  </sql>
  <select id="selectByExample" resultMap="BaseResultMap" parameterType="com.box.entity.DbRolesExample" >
    select
    <if test="distinct" >
      distinct
    </if>
    <include refid="Base_Column_List" />
    from db_roles
    <if test="_parameter != null" >
      <include refid="Example_Where_Clause" />
    </if>
    <if test="orderByClause != null" >
      order by ${orderByClause}
    </if>
  </select>
  <select id="selectByPrimaryKey" resultMap="BaseResultMap" parameterType="java.lang.Long" >
    select 
    <include refid="Base_Column_List" />
    from db_roles
    where role_id = #{roleId,jdbcType=BIGINT}
  </select>
  <delete id="deleteByPrimaryKey" parameterType="java.lang.Long" >
    delete from db_roles
    where role_id = #{roleId,jdbcType=BIGINT}
  </delete>
  <delete id="deleteByExample" parameterType="com.box.entity.DbRolesExample" >
    delete from db_roles
    <if test="_parameter != null" >
      <include refid="Example_Where_Clause" />
    </if>
  </delete>
  <insert id="insert" parameterType="com.box.entity.DbRoles" >
    insert into db_roles (role_id, role_name, role_remark
      )
    values (#{roleId,jdbcType=BIGINT}, #{roleName,jdbcType=VARCHAR}, #{roleRemark,jdbcType=VARCHAR}
      )
  </insert>
  <insert id="insertSelective" parameterType="com.box.entity.DbRoles" >
    insert into db_roles
    <trim prefix="(" suffix=")" suffixOverrides="," >
      <if test="roleId != null" >
        role_id,
      </if>
      <if test="roleName != null" >
        role_name,
      </if>
      <if test="roleRemark != null" >
        role_remark,
      </if>
    </trim>
    <trim prefix="values (" suffix=")" suffixOverrides="," >
      <if test="roleId != null" >
        #{roleId,jdbcType=BIGINT},
      </if>
      <if test="roleName != null" >
        #{roleName,jdbcType=VARCHAR},
      </if>
      <if test="roleRemark != null" >
        #{roleRemark,jdbcType=VARCHAR},
      </if>
    </trim>
  </insert>
  <select id="countByExample" parameterType="com.box.entity.DbRolesExample" resultType="java.lang.Integer" >
    select count(*) from db_roles
    <if test="_parameter != null" >
      <include refid="Example_Where_Clause" />
    </if>
  </select>
  <update id="updateByExampleSelective" parameterType="map" >
    update db_roles
    <set >
      <if test="record.roleId != null" >
        role_id = #{record.roleId,jdbcType=BIGINT},
      </if>
      <if test="record.roleName != null" >
        role_name = #{record.roleName,jdbcType=VARCHAR},
      </if>
      <if test="record.roleRemark != null" >
        role_remark = #{record.roleRemark,jdbcType=VARCHAR},
      </if>
    </set>
    <if test="_parameter != null" >
      <include refid="Update_By_Example_Where_Clause" />
    </if>
  </update>
  <update id="updateByExample" parameterType="map" >
    update db_roles
    set role_id = #{record.roleId,jdbcType=BIGINT},
      role_name = #{record.roleName,jdbcType=VARCHAR},
      role_remark = #{record.roleRemark,jdbcType=VARCHAR}
    <if test="_parameter != null" >
      <include refid="Update_By_Example_Where_Clause" />
    </if>
  </update>
  <update id="updateByPrimaryKeySelective" parameterType="com.box.entity.DbRoles" >
    update db_roles
    <set >
      <if test="roleName != null" >
        role_name = #{roleName,jdbcType=VARCHAR},
      </if>
      <if test="roleRemark != null" >
        role_remark = #{roleRemark,jdbcType=VARCHAR},
      </if>
    </set>
    where role_id = #{roleId,jdbcType=BIGINT}
  </update>
  <update id="updateByPrimaryKey" parameterType="com.box.entity.DbRoles" >
    update db_roles
    set role_name = #{roleName,jdbcType=VARCHAR},
      role_remark = #{roleRemark,jdbcType=VARCHAR}
    where role_id = #{roleId,jdbcType=BIGINT}
  </update>
</mapper>