<?xml version="1.0" encoding="UTF-8" ?>
<!DOCTYPE mapper PUBLIC "-//mybatis.org//DTD Mapper 3.0//EN" "http://mybatis.org/dtd/mybatis-3-mapper.dtd" >
<mapper namespace="com.box.mapper.DbThemeMapper" >
  <resultMap id="BaseResultMap" type="com.box.entity.DbTheme" >
    <id column="id" property="id" jdbcType="INTEGER" />
    <result column="theme_title" property="themeTitle" jdbcType="VARCHAR" />
    <result column="theme_img" property="themeImg" jdbcType="VARCHAR" />
    <result column="createtime" property="createtime" jdbcType="TIMESTAMP" />
    <result column="updatetime" property="updatetime" jdbcType="TIMESTAMP" />
  </resultMap>
  <resultMap id="ResultMapWithBLOBs" type="com.box.entity.DbTheme" extends="BaseResultMap" >
    <result column="theme_context" property="themeContext" jdbcType="LONGVARCHAR" />
  </resultMap>
  <sql id="Example_Where_Clause" >
    <where >
      <foreach collection="oredCriteria" item="criteria" separator="or" >
        <if test="criteria.valid" >
          <trim prefix="(" suffix=")" prefixOverrides="and" >
            <foreach collection="criteria.criteria" item="criterion" >
              <choose >
                <when test="criterion.noValue" >
                  and ${criterion.condition}
                </when>
                <when test="criterion.singleValue" >
                  and ${criterion.condition} #{criterion.value}
                </when>
                <when test="criterion.betweenValue" >
                  and ${criterion.condition} #{criterion.value} and #{criterion.secondValue}
                </when>
                <when test="criterion.listValue" >
                  and ${criterion.condition}
                  <foreach collection="criterion.value" item="listItem" open="(" close=")" separator="," >
                    #{listItem}
                  </foreach>
                </when>
              </choose>
            </foreach>
          </trim>
        </if>
      </foreach>
    </where>
  </sql>
  <sql id="Update_By_Example_Where_Clause" >
    <where >
      <foreach collection="example.oredCriteria" item="criteria" separator="or" >
        <if test="criteria.valid" >
          <trim prefix="(" suffix=")" prefixOverrides="and" >
            <foreach collection="criteria.criteria" item="criterion" >
              <choose >
                <when test="criterion.noValue" >
                  and ${criterion.condition}
                </when>
                <when test="criterion.singleValue" >
                  and ${criterion.condition} #{criterion.value}
                </when>
                <when test="criterion.betweenValue" >
                  and ${criterion.condition} #{criterion.value} and #{criterion.secondValue}
                </when>
                <when test="criterion.listValue" >
                  and ${criterion.condition}
                  <foreach collection="criterion.value" item="listItem" open="(" close=")" separator="," >
                    #{listItem}
                  </foreach>
                </when>
              </choose>
            </foreach>
          </trim>
        </if>
      </foreach>
    </where>
  </sql>
  <sql id="Base_Column_List" >
    id, theme_title, theme_img, createtime, updatetime
  </sql>
  <sql id="Blob_Column_List" >
    theme_context
  </sql>
  <select id="selectByExampleWithBLOBs" resultMap="ResultMapWithBLOBs" parameterType="com.box.entity.DbThemeExample" >
    select
    <if test="distinct" >
      distinct
    </if>
    <include refid="Base_Column_List" />
    ,
    <include refid="Blob_Column_List" />
    from db_theme
    <if test="_parameter != null" >
      <include refid="Example_Where_Clause" />
    </if>
    <if test="orderByClause != null" >
      order by ${orderByClause}
    </if>
  </select>
  <select id="selectByExample" resultMap="BaseResultMap" parameterType="com.box.entity.DbThemeExample" >
    select
    <if test="distinct" >
      distinct
    </if>
    <include refid="Base_Column_List" />
    from db_theme
    <if test="_parameter != null" >
      <include refid="Example_Where_Clause" />
    </if>
    <if test="orderByClause != null" >
      order by ${orderByClause}
    </if>
  </select>
  <select id="selectByPrimaryKey" resultMap="ResultMapWithBLOBs" parameterType="java.lang.Integer" >
    select 
    <include refid="Base_Column_List" />
    ,
    <include refid="Blob_Column_List" />
    from db_theme
    where id = #{id,jdbcType=INTEGER}
  </select>
  <delete id="deleteByPrimaryKey" parameterType="java.lang.Integer" >
    delete from db_theme
    where id = #{id,jdbcType=INTEGER}
  </delete>
  <delete id="deleteByExample" parameterType="com.box.entity.DbThemeExample" >
    delete from db_theme
    <if test="_parameter != null" >
      <include refid="Example_Where_Clause" />
    </if>
  </delete>
  <insert id="insert" parameterType="com.box.entity.DbTheme" >
    insert into db_theme (id, theme_title, theme_img, 
      createtime, updatetime, theme_context
      )
    values (#{id,jdbcType=INTEGER}, #{themeTitle,jdbcType=VARCHAR}, #{themeImg,jdbcType=VARCHAR}, 
      #{createtime,jdbcType=TIMESTAMP}, #{updatetime,jdbcType=TIMESTAMP}, #{themeContext,jdbcType=LONGVARCHAR}
      )
  </insert>
  <insert id="insertSelective" parameterType="com.box.entity.DbTheme" >
    insert into db_theme
    <trim prefix="(" suffix=")" suffixOverrides="," >
      <if test="id != null" >
        id,
      </if>
      <if test="themeTitle != null" >
        theme_title,
      </if>
      <if test="themeImg != null" >
        theme_img,
      </if>
      <if test="createtime != null" >
        createtime,
      </if>
      <if test="updatetime != null" >
        updatetime,
      </if>
      <if test="themeContext != null" >
        theme_context,
      </if>
    </trim>
    <trim prefix="values (" suffix=")" suffixOverrides="," >
      <if test="id != null" >
        #{id,jdbcType=INTEGER},
      </if>
      <if test="themeTitle != null" >
        #{themeTitle,jdbcType=VARCHAR},
      </if>
      <if test="themeImg != null" >
        #{themeImg,jdbcType=VARCHAR},
      </if>
      <if test="createtime != null" >
        #{createtime,jdbcType=TIMESTAMP},
      </if>
      <if test="updatetime != null" >
        #{updatetime,jdbcType=TIMESTAMP},
      </if>
      <if test="themeContext != null" >
        #{themeContext,jdbcType=LONGVARCHAR},
      </if>
    </trim>
  </insert>
  <select id="countByExample" parameterType="com.box.entity.DbThemeExample" resultType="java.lang.Integer" >
    select count(*) from db_theme
    <if test="_parameter != null" >
      <include refid="Example_Where_Clause" />
    </if>
  </select>
  <update id="updateByExampleSelective" parameterType="map" >
    update db_theme
    <set >
      <if test="record.id != null" >
        id = #{record.id,jdbcType=INTEGER},
      </if>
      <if test="record.themeTitle != null" >
        theme_title = #{record.themeTitle,jdbcType=VARCHAR},
      </if>
      <if test="record.themeImg != null" >
        theme_img = #{record.themeImg,jdbcType=VARCHAR},
      </if>
      <if test="record.createtime != null" >
        createtime = #{record.createtime,jdbcType=TIMESTAMP},
      </if>
      <if test="record.updatetime != null" >
        updatetime = #{record.updatetime,jdbcType=TIMESTAMP},
      </if>
      <if test="record.themeContext != null" >
        theme_context = #{record.themeContext,jdbcType=LONGVARCHAR},
      </if>
    </set>
    <if test="_parameter != null" >
      <include refid="Update_By_Example_Where_Clause" />
    </if>
  </update>
  <update id="updateByExampleWithBLOBs" parameterType="map" >
    update db_theme
    set id = #{record.id,jdbcType=INTEGER},
      theme_title = #{record.themeTitle,jdbcType=VARCHAR},
      theme_img = #{record.themeImg,jdbcType=VARCHAR},
      createtime = #{record.createtime,jdbcType=TIMESTAMP},
      updatetime = #{record.updatetime,jdbcType=TIMESTAMP},
      theme_context = #{record.themeContext,jdbcType=LONGVARCHAR}
    <if test="_parameter != null" >
      <include refid="Update_By_Example_Where_Clause" />
    </if>
  </update>
  <update id="updateByExample" parameterType="map" >
    update db_theme
    set id = #{record.id,jdbcType=INTEGER},
      theme_title = #{record.themeTitle,jdbcType=VARCHAR},
      theme_img = #{record.themeImg,jdbcType=VARCHAR},
      createtime = #{record.createtime,jdbcType=TIMESTAMP},
      updatetime = #{record.updatetime,jdbcType=TIMESTAMP}
    <if test="_parameter != null" >
      <include refid="Update_By_Example_Where_Clause" />
    </if>
  </update>
  <update id="updateByPrimaryKeySelective" parameterType="com.box.entity.DbTheme" >
    update db_theme
    <set >
      <if test="themeTitle != null" >
        theme_title = #{themeTitle,jdbcType=VARCHAR},
      </if>
      <if test="themeImg != null" >
        theme_img = #{themeImg,jdbcType=VARCHAR},
      </if>
      <if test="createtime != null" >
        createtime = #{createtime,jdbcType=TIMESTAMP},
      </if>
      <if test="updatetime != null" >
        updatetime = #{updatetime,jdbcType=TIMESTAMP},
      </if>
      <if test="themeContext != null" >
        theme_context = #{themeContext,jdbcType=LONGVARCHAR},
      </if>
    </set>
    where id = #{id,jdbcType=INTEGER}
  </update>
  <update id="updateByPrimaryKeyWithBLOBs" parameterType="com.box.entity.DbTheme" >
    update db_theme
    set theme_title = #{themeTitle,jdbcType=VARCHAR},
      theme_img = #{themeImg,jdbcType=VARCHAR},
      createtime = #{createtime,jdbcType=TIMESTAMP},
      updatetime = #{updatetime,jdbcType=TIMESTAMP},
      theme_context = #{themeContext,jdbcType=LONGVARCHAR}
    where id = #{id,jdbcType=INTEGER}
  </update>
  <update id="updateByPrimaryKey" parameterType="com.box.entity.DbTheme" >
    update db_theme
    set theme_title = #{themeTitle,jdbcType=VARCHAR},
      theme_img = #{themeImg,jdbcType=VARCHAR},
      createtime = #{createtime,jdbcType=TIMESTAMP},
      updatetime = #{updatetime,jdbcType=TIMESTAMP}
    where id = #{id,jdbcType=INTEGER}
  </update>
</mapper>