<?xml version="1.0" encoding="UTF-8" ?>
<!DOCTYPE mapper PUBLIC "-//mybatis.org//DTD Mapper 3.0//EN" "http://mybatis.org/dtd/mybatis-3-mapper.dtd" >
<mapper namespace="com.box.mapper.DbUserAndDbArticleResultAndDbArticleTypeMapper" >
  <resultMap id="BaseResultMap" type="com.box.entity.DbUserAndDbArticleResultAndDbArticleType" >
    
    <result column="arid" property="arid" jdbcType="INTEGER" />
       <result column="artitle" property="artitle" jdbcType="VARCHAR" />   
    <result column="arcontent" property="arcontent" jdbcType="VARCHAR" />
    <result column="simpledes" property="simpledes" jdbcType="VARCHAR" />
    <result column="isTop" property="isTop" jdbcType="INTEGER" />
    <result column="username" property="username" jdbcType="VARCHAR" />
    <result column="clicks" property="clicks" jdbcType="INTEGER" />
    <result column="isView" property="isView" jdbcType="BIT" />
    <result column="typname" property="typname" jdbcType="VARCHAR" />
    <result column="img" property="img" jdbcType="VARCHAR" />
    <result column="arcreatetime" property="arcreatetime" jdbcType="DATE" />
    <result column="updatetime" property="updatetime" jdbcType="DATE" />
  </resultMap>
  

   <select id="selectByThreeTables"  resultMap="BaseResultMap" parameterType="java.lang.Integer">
   SELECT db_article.arid,db_article.artitle,db_article.arcontent,db_article.simpledes,db_article.isTop,db_users.username,db_article.clicks,db_article.isView,db_articletype.typname,db_article.img,db_article.arcreatetime,db_article.updatetime FROM db_article 
   LEFT JOIN db_articletype ON db_article.artypeid = db_articletype.id  LEFT JOIN db_users  ON db_article.uid=db_users.uid limit #{page},#{limit};
   
   
   </select>
   
   <select id="selectByThreePages"  resultType="java.lang.Integer"  parameterType="java.lang.Integer">
   SELECT count(*) FROM db_article 
   LEFT JOIN db_articletype ON db_article.artypeid = db_articletype.id  LEFT JOIN db_users  ON db_article.uid=db_users.uid;
   
   
   </select>
   
    <select id="selectByThreeTablesById"  resultMap="BaseResultMap"  parameterType="java.lang.Integer">
   SELECT db_article.arid,db_article.artitle,db_article.arcontent,db_article.simpledes,db_article.isTop,db_users.username,db_article.clicks,db_article.isView,db_articletype.typname,db_article.img,db_article.arcreatetime,db_article.updatetime FROM db_article 
   LEFT JOIN db_articletype ON db_article.artypeid = db_articletype.id  LEFT JOIN db_users  ON db_article.uid=db_users.uid WHERE db_article.arid = #{arid} AND db_users.uid=#{uid} AND db_articletype.id=#{id};
   
   </select>
   
   
    
   
   
    
   
</mapper>