<?xml version="1.0" encoding="UTF-8" ?>
<!DOCTYPE mapper PUBLIC "-//mybatis.org//DTD Mapper 3.0//EN" "http://mybatis.org/dtd/mybatis-3-mapper.dtd" >
<mapper namespace="com.box.mapper.DbUsersMapper" >
  <resultMap id="BaseResultMap" type="com.box.entity.DbUsers" >
    <id column="uid" property="uid" jdbcType="BIGINT" />
    <result column="username" property="username" jdbcType="VARCHAR" />
    <result column="nickname" property="nickname" jdbcType="VARCHAR" />
    <result column="password" property="password" jdbcType="VARCHAR" />
    <result column="alt" property="alt" jdbcType="VARCHAR" />
    <result column="email" property="email" jdbcType="VARCHAR" />
    <result column="school" property="school" jdbcType="VARCHAR" />
    <result column="love" property="love" jdbcType="VARCHAR" />
    <result column="occupation" property="occupation" jdbcType="VARCHAR" />
    <result column="experence" property="experence" jdbcType="VARCHAR" />
    <result column="sex" property="sex" jdbcType="VARCHAR" />
    <result column="address" property="address" jdbcType="VARCHAR" />
    <result column="telphone" property="telphone" jdbcType="BIGINT" />
    <result column="picpath" property="picpath" jdbcType="VARCHAR" />
    <result column="e_code" property="eCode" jdbcType="VARCHAR" />
    <result column="mid" property="mid" jdbcType="INTEGER" />
    <result column="mname" property="mname" jdbcType="VARCHAR" />
    <result column="mexperience" property="mexperience" jdbcType="BIGINT" />
    <result column="mexperience_minute" property="mexperienceMinute" jdbcType="BIGINT" />
    <result column="sign" property="sign" jdbcType="INTEGER" />
    <result column="status" property="status" jdbcType="INTEGER" />
    <result column="ip" property="ip" jdbcType="VARCHAR" />
    <result column="lasttime" property="lasttime" jdbcType="TIMESTAMP" />
    <result column="paynum" property="paynum" jdbcType="DECIMAL" />
    <result column="payaccount" property="payaccount" jdbcType="DECIMAL" />
  </resultMap>
  <sql id="Example_Where_Clause" >
    <where >
      <foreach collection="oredCriteria" item="criteria" separator="or" >
        <if test="criteria.valid" >
          <trim prefix="(" suffix=")" prefixOverrides="and" >
            <foreach collection="criteria.criteria" item="criterion" >
              <choose >
                <when test="criterion.noValue" >
                  and ${criterion.condition}
                </when>
                <when test="criterion.singleValue" >
                  and ${criterion.condition} #{criterion.value}
                </when>
                <when test="criterion.betweenValue" >
                  and ${criterion.condition} #{criterion.value} and #{criterion.secondValue}
                </when>
                <when test="criterion.listValue" >
                  and ${criterion.condition}
                  <foreach collection="criterion.value" item="listItem" open="(" close=")" separator="," >
                    #{listItem}
                  </foreach>
                </when>
              </choose>
            </foreach>
          </trim>
        </if>
      </foreach>
    </where>
  </sql>
  <sql id="Update_By_Example_Where_Clause" >
    <where >
      <foreach collection="example.oredCriteria" item="criteria" separator="or" >
        <if test="criteria.valid" >
          <trim prefix="(" suffix=")" prefixOverrides="and" >
            <foreach collection="criteria.criteria" item="criterion" >
              <choose >
                <when test="criterion.noValue" >
                  and ${criterion.condition}
                </when>
                <when test="criterion.singleValue" >
                  and ${criterion.condition} #{criterion.value}
                </when>
                <when test="criterion.betweenValue" >
                  and ${criterion.condition} #{criterion.value} and #{criterion.secondValue}
                </when>
                <when test="criterion.listValue" >
                  and ${criterion.condition}
                  <foreach collection="criterion.value" item="listItem" open="(" close=")" separator="," >
                    #{listItem}
                  </foreach>
                </when>
              </choose>
            </foreach>
          </trim>
        </if>
      </foreach>
    </where>
  </sql>
  <sql id="Base_Column_List" >
    uid, username, nickname, password, alt, email, school, love, occupation, experence, 
    sex, address, telphone, picpath, e_code, mid, mname, mexperience, mexperience_minute, 
    sign, status, ip, lasttime, paynum, payaccount
  </sql>
  <select id="selectByExample" resultMap="BaseResultMap" parameterType="com.box.entity.DbUsersExample" >
    select
    <if test="distinct" >
      distinct
    </if>
    <include refid="Base_Column_List" />
    from db_users
    <if test="_parameter != null" >
      <include refid="Example_Where_Clause" />
    </if>
    <if test="orderByClause != null" >
      order by ${orderByClause}
    </if>
  </select>
  <select id="selectByPrimaryKey" resultMap="BaseResultMap" parameterType="java.lang.Long" >
    select 
    <include refid="Base_Column_List" />
    from db_users
    where uid = #{uid,jdbcType=BIGINT}
  </select>
  <delete id="deleteByPrimaryKey" parameterType="java.lang.Long" >
    delete from db_users
    where uid = #{uid,jdbcType=BIGINT}
  </delete>
  <delete id="deleteByExample" parameterType="com.box.entity.DbUsersExample" >
    delete from db_users
    <if test="_parameter != null" >
      <include refid="Example_Where_Clause" />
    </if>
  </delete>
  <insert id="insert" parameterType="com.box.entity.DbUsers" >
    insert into db_users (uid, username, nickname, 
      password, alt, email, 
      school, love, occupation, 
      experence, sex, address, 
      telphone, picpath, e_code, 
      mid, mname, mexperience, 
      mexperience_minute, sign, status, 
      ip, lasttime, paynum, 
      payaccount)
    values (#{uid,jdbcType=BIGINT}, #{username,jdbcType=VARCHAR}, #{nickname,jdbcType=VARCHAR}, 
      #{password,jdbcType=VARCHAR}, #{alt,jdbcType=VARCHAR}, #{email,jdbcType=VARCHAR}, 
      #{school,jdbcType=VARCHAR}, #{love,jdbcType=VARCHAR}, #{occupation,jdbcType=VARCHAR}, 
      #{experence,jdbcType=VARCHAR}, #{sex,jdbcType=VARCHAR}, #{address,jdbcType=VARCHAR}, 
      #{telphone,jdbcType=BIGINT}, #{picpath,jdbcType=VARCHAR}, #{eCode,jdbcType=VARCHAR}, 
      #{mid,jdbcType=INTEGER}, #{mname,jdbcType=VARCHAR}, #{mexperience,jdbcType=BIGINT}, 
      #{mexperienceMinute,jdbcType=BIGINT}, #{sign,jdbcType=INTEGER}, #{status,jdbcType=INTEGER}, 
      #{ip,jdbcType=VARCHAR}, #{lasttime,jdbcType=TIMESTAMP}, #{paynum,jdbcType=DECIMAL}, 
      #{payaccount,jdbcType=DECIMAL})
  </insert>
  <insert id="insertSelective" parameterType="com.box.entity.DbUsers" >
    insert into db_users
    <trim prefix="(" suffix=")" suffixOverrides="," >
      <if test="uid != null" >
        uid,
      </if>
      <if test="username != null" >
        username,
      </if>
      <if test="nickname != null" >
        nickname,
      </if>
      <if test="password != null" >
        password,
      </if>
      <if test="alt != null" >
        alt,
      </if>
      <if test="email != null" >
        email,
      </if>
      <if test="school != null" >
        school,
      </if>
      <if test="love != null" >
        love,
      </if>
      <if test="occupation != null" >
        occupation,
      </if>
      <if test="experence != null" >
        experence,
      </if>
      <if test="sex != null" >
        sex,
      </if>
      <if test="address != null" >
        address,
      </if>
      <if test="telphone != null" >
        telphone,
      </if>
      <if test="picpath != null" >
        picpath,
      </if>
      <if test="eCode != null" >
        e_code,
      </if>
      <if test="mid != null" >
        mid,
      </if>
      <if test="mname != null" >
        mname,
      </if>
      <if test="mexperience != null" >
        mexperience,
      </if>
      <if test="mexperienceMinute != null" >
        mexperience_minute,
      </if>
      <if test="sign != null" >
        sign,
      </if>
      <if test="status != null" >
        status,
      </if>
      <if test="ip != null" >
        ip,
      </if>
      <if test="lasttime != null" >
        lasttime,
      </if>
      <if test="paynum != null" >
        paynum,
      </if>
      <if test="payaccount != null" >
        payaccount,
      </if>
    </trim>
    <trim prefix="values (" suffix=")" suffixOverrides="," >
      <if test="uid != null" >
        #{uid,jdbcType=BIGINT},
      </if>
      <if test="username != null" >
        #{username,jdbcType=VARCHAR},
      </if>
      <if test="nickname != null" >
        #{nickname,jdbcType=VARCHAR},
      </if>
      <if test="password != null" >
        #{password,jdbcType=VARCHAR},
      </if>
      <if test="alt != null" >
        #{alt,jdbcType=VARCHAR},
      </if>
      <if test="email != null" >
        #{email,jdbcType=VARCHAR},
      </if>
      <if test="school != null" >
        #{school,jdbcType=VARCHAR},
      </if>
      <if test="love != null" >
        #{love,jdbcType=VARCHAR},
      </if>
      <if test="occupation != null" >
        #{occupation,jdbcType=VARCHAR},
      </if>
      <if test="experence != null" >
        #{experence,jdbcType=VARCHAR},
      </if>
      <if test="sex != null" >
        #{sex,jdbcType=VARCHAR},
      </if>
      <if test="address != null" >
        #{address,jdbcType=VARCHAR},
      </if>
      <if test="telphone != null" >
        #{telphone,jdbcType=BIGINT},
      </if>
      <if test="picpath != null" >
        #{picpath,jdbcType=VARCHAR},
      </if>
      <if test="eCode != null" >
        #{eCode,jdbcType=VARCHAR},
      </if>
      <if test="mid != null" >
        #{mid,jdbcType=INTEGER},
      </if>
      <if test="mname != null" >
        #{mname,jdbcType=VARCHAR},
      </if>
      <if test="mexperience != null" >
        #{mexperience,jdbcType=BIGINT},
      </if>
      <if test="mexperienceMinute != null" >
        #{mexperienceMinute,jdbcType=BIGINT},
      </if>
      <if test="sign != null" >
        #{sign,jdbcType=INTEGER},
      </if>
      <if test="status != null" >
        #{status,jdbcType=INTEGER},
      </if>
      <if test="ip != null" >
        #{ip,jdbcType=VARCHAR},
      </if>
      <if test="lasttime != null" >
        #{lasttime,jdbcType=TIMESTAMP},
      </if>
      <if test="paynum != null" >
        #{paynum,jdbcType=DECIMAL},
      </if>
      <if test="payaccount != null" >
        #{payaccount,jdbcType=DECIMAL},
      </if>
    </trim>
  </insert>
  <select id="countByExample" parameterType="com.box.entity.DbUsersExample" resultType="java.lang.Integer" >
    select count(*) from db_users
    <if test="_parameter != null" >
      <include refid="Example_Where_Clause" />
    </if>
  </select>
  <update id="updateByExampleSelective" parameterType="map" >
    update db_users
    <set >
      <if test="record.uid != null" >
        uid = #{record.uid,jdbcType=BIGINT},
      </if>
      <if test="record.username != null" >
        username = #{record.username,jdbcType=VARCHAR},
      </if>
      <if test="record.nickname != null" >
        nickname = #{record.nickname,jdbcType=VARCHAR},
      </if>
      <if test="record.password != null" >
        password = #{record.password,jdbcType=VARCHAR},
      </if>
      <if test="record.alt != null" >
        alt = #{record.alt,jdbcType=VARCHAR},
      </if>
      <if test="record.email != null" >
        email = #{record.email,jdbcType=VARCHAR},
      </if>
      <if test="record.school != null" >
        school = #{record.school,jdbcType=VARCHAR},
      </if>
      <if test="record.love != null" >
        love = #{record.love,jdbcType=VARCHAR},
      </if>
      <if test="record.occupation != null" >
        occupation = #{record.occupation,jdbcType=VARCHAR},
      </if>
      <if test="record.experence != null" >
        experence = #{record.experence,jdbcType=VARCHAR},
      </if>
      <if test="record.sex != null" >
        sex = #{record.sex,jdbcType=VARCHAR},
      </if>
      <if test="record.address != null" >
        address = #{record.address,jdbcType=VARCHAR},
      </if>
      <if test="record.telphone != null" >
        telphone = #{record.telphone,jdbcType=BIGINT},
      </if>
      <if test="record.picpath != null" >
        picpath = #{record.picpath,jdbcType=VARCHAR},
      </if>
      <if test="record.eCode != null" >
        e_code = #{record.eCode,jdbcType=VARCHAR},
      </if>
      <if test="record.mid != null" >
        mid = #{record.mid,jdbcType=INTEGER},
      </if>
      <if test="record.mname != null" >
        mname = #{record.mname,jdbcType=VARCHAR},
      </if>
      <if test="record.mexperience != null" >
        mexperience = #{record.mexperience,jdbcType=BIGINT},
      </if>
      <if test="record.mexperienceMinute != null" >
        mexperience_minute = #{record.mexperienceMinute,jdbcType=BIGINT},
      </if>
      <if test="record.sign != null" >
        sign = #{record.sign,jdbcType=INTEGER},
      </if>
      <if test="record.status != null" >
        status = #{record.status,jdbcType=INTEGER},
      </if>
      <if test="record.ip != null" >
        ip = #{record.ip,jdbcType=VARCHAR},
      </if>
      <if test="record.lasttime != null" >
        lasttime = #{record.lasttime,jdbcType=TIMESTAMP},
      </if>
      <if test="record.paynum != null" >
        paynum = #{record.paynum,jdbcType=DECIMAL},
      </if>
      <if test="record.payaccount != null" >
        payaccount = #{record.payaccount,jdbcType=DECIMAL},
      </if>
    </set>
    <if test="_parameter != null" >
      <include refid="Update_By_Example_Where_Clause" />
    </if>
  </update>
  <update id="updateByExample" parameterType="map" >
    update db_users
    set uid = #{record.uid,jdbcType=BIGINT},
      username = #{record.username,jdbcType=VARCHAR},
      nickname = #{record.nickname,jdbcType=VARCHAR},
      password = #{record.password,jdbcType=VARCHAR},
      alt = #{record.alt,jdbcType=VARCHAR},
      email = #{record.email,jdbcType=VARCHAR},
      school = #{record.school,jdbcType=VARCHAR},
      love = #{record.love,jdbcType=VARCHAR},
      occupation = #{record.occupation,jdbcType=VARCHAR},
      experence = #{record.experence,jdbcType=VARCHAR},
      sex = #{record.sex,jdbcType=VARCHAR},
      address = #{record.address,jdbcType=VARCHAR},
      telphone = #{record.telphone,jdbcType=BIGINT},
      picpath = #{record.picpath,jdbcType=VARCHAR},
      e_code = #{record.eCode,jdbcType=VARCHAR},
      mid = #{record.mid,jdbcType=INTEGER},
      mname = #{record.mname,jdbcType=VARCHAR},
      mexperience = #{record.mexperience,jdbcType=BIGINT},
      mexperience_minute = #{record.mexperienceMinute,jdbcType=BIGINT},
      sign = #{record.sign,jdbcType=INTEGER},
      status = #{record.status,jdbcType=INTEGER},
      ip = #{record.ip,jdbcType=VARCHAR},
      lasttime = #{record.lasttime,jdbcType=TIMESTAMP},
      paynum = #{record.paynum,jdbcType=DECIMAL},
      payaccount = #{record.payaccount,jdbcType=DECIMAL}
    <if test="_parameter != null" >
      <include refid="Update_By_Example_Where_Clause" />
    </if>
  </update>
  <update id="updateByPrimaryKeySelective" parameterType="com.box.entity.DbUsers" >
    update db_users
    <set >
      <if test="username != null" >
        username = #{username,jdbcType=VARCHAR},
      </if>
      <if test="nickname != null" >
        nickname = #{nickname,jdbcType=VARCHAR},
      </if>
      <if test="password != null" >
        password = #{password,jdbcType=VARCHAR},
      </if>
      <if test="alt != null" >
        alt = #{alt,jdbcType=VARCHAR},
      </if>
      <if test="email != null" >
        email = #{email,jdbcType=VARCHAR},
      </if>
      <if test="school != null" >
        school = #{school,jdbcType=VARCHAR},
      </if>
      <if test="love != null" >
        love = #{love,jdbcType=VARCHAR},
      </if>
      <if test="occupation != null" >
        occupation = #{occupation,jdbcType=VARCHAR},
      </if>
      <if test="experence != null" >
        experence = #{experence,jdbcType=VARCHAR},
      </if>
      <if test="sex != null" >
        sex = #{sex,jdbcType=VARCHAR},
      </if>
      <if test="address != null" >
        address = #{address,jdbcType=VARCHAR},
      </if>
      <if test="telphone != null" >
        telphone = #{telphone,jdbcType=BIGINT},
      </if>
      <if test="picpath != null" >
        picpath = #{picpath,jdbcType=VARCHAR},
      </if>
      <if test="eCode != null" >
        e_code = #{eCode,jdbcType=VARCHAR},
      </if>
      <if test="mid != null" >
        mid = #{mid,jdbcType=INTEGER},
      </if>
      <if test="mname != null" >
        mname = #{mname,jdbcType=VARCHAR},
      </if>
      <if test="mexperience != null" >
        mexperience = #{mexperience,jdbcType=BIGINT},
      </if>
      <if test="mexperienceMinute != null" >
        mexperience_minute = #{mexperienceMinute,jdbcType=BIGINT},
      </if>
      <if test="sign != null" >
        sign = #{sign,jdbcType=INTEGER},
      </if>
      <if test="status != null" >
        status = #{status,jdbcType=INTEGER},
      </if>
      <if test="ip != null" >
        ip = #{ip,jdbcType=VARCHAR},
      </if>
      <if test="lasttime != null" >
        lasttime = #{lasttime,jdbcType=TIMESTAMP},
      </if>
      <if test="paynum != null" >
        paynum = #{paynum,jdbcType=DECIMAL},
      </if>
      <if test="payaccount != null" >
        payaccount = #{payaccount,jdbcType=DECIMAL},
      </if>
    </set>
    where uid = #{uid,jdbcType=BIGINT}
  </update>
  <update id="updateByPrimaryKey" parameterType="com.box.entity.DbUsers" >
    update db_users
    set username = #{username,jdbcType=VARCHAR},
      nickname = #{nickname,jdbcType=VARCHAR},
      password = #{password,jdbcType=VARCHAR},
      alt = #{alt,jdbcType=VARCHAR},
      email = #{email,jdbcType=VARCHAR},
      school = #{school,jdbcType=VARCHAR},
      love = #{love,jdbcType=VARCHAR},
      occupation = #{occupation,jdbcType=VARCHAR},
      experence = #{experence,jdbcType=VARCHAR},
      sex = #{sex,jdbcType=VARCHAR},
      address = #{address,jdbcType=VARCHAR},
      telphone = #{telphone,jdbcType=BIGINT},
      picpath = #{picpath,jdbcType=VARCHAR},
      e_code = #{eCode,jdbcType=VARCHAR},
      mid = #{mid,jdbcType=INTEGER},
      mname = #{mname,jdbcType=VARCHAR},
      mexperience = #{mexperience,jdbcType=BIGINT},
      mexperience_minute = #{mexperienceMinute,jdbcType=BIGINT},
      sign = #{sign,jdbcType=INTEGER},
      status = #{status,jdbcType=INTEGER},
      ip = #{ip,jdbcType=VARCHAR},
      lasttime = #{lasttime,jdbcType=TIMESTAMP},
      paynum = #{paynum,jdbcType=DECIMAL},
      payaccount = #{payaccount,jdbcType=DECIMAL}
    where uid = #{uid,jdbcType=BIGINT}
  </update>
</mapper>