<?xml version="1.0" encoding="UTF-8" ?>
<!DOCTYPE mapper PUBLIC "-//mybatis.org//DTD Mapper 3.0//EN" "http://mybatis.org/dtd/mybatis-3-mapper.dtd" >
<mapper namespace="com.box.mapper.DbWebMapper" >
  <resultMap id="BaseResultMap" type="com.box.entity.DbWeb" >
    <id column="wid" property="wid" jdbcType="INTEGER" />
    <result column="wtitle" property="wtitle" jdbcType="VARCHAR" />
    <result column="wdes" property="wdes" jdbcType="VARCHAR" />
    <result column="wurl" property="wurl" jdbcType="VARCHAR" />
    <result column="wdescription" property="wdescription" jdbcType="VARCHAR" />
    <result column="wkeywords" property="wkeywords" jdbcType="VARCHAR" />
    <result column="wcopyright" property="wcopyright" jdbcType="VARCHAR" />
    <result column="wrecord" property="wrecord" jdbcType="VARCHAR" />
    <result column="wicon" property="wicon" jdbcType="VARCHAR" />
    <result column="wleftinfo" property="wleftinfo" jdbcType="VARCHAR" />
    <result column="wright" property="wright" jdbcType="VARCHAR" />
    <result column="wxgzh" property="wxgzh" jdbcType="VARCHAR" />
    <result column="wxxcx" property="wxxcx" jdbcType="VARCHAR" />
    <result column="wx" property="wx" jdbcType="VARCHAR" />
    <result column="wzcx" property="wzcx" jdbcType="VARCHAR" />
  </resultMap>
  <sql id="Example_Where_Clause" >
    <where >
      <foreach collection="oredCriteria" item="criteria" separator="or" >
        <if test="criteria.valid" >
          <trim prefix="(" suffix=")" prefixOverrides="and" >
            <foreach collection="criteria.criteria" item="criterion" >
              <choose >
                <when test="criterion.noValue" >
                  and ${criterion.condition}
                </when>
                <when test="criterion.singleValue" >
                  and ${criterion.condition} #{criterion.value}
                </when>
                <when test="criterion.betweenValue" >
                  and ${criterion.condition} #{criterion.value} and #{criterion.secondValue}
                </when>
                <when test="criterion.listValue" >
                  and ${criterion.condition}
                  <foreach collection="criterion.value" item="listItem" open="(" close=")" separator="," >
                    #{listItem}
                  </foreach>
                </when>
              </choose>
            </foreach>
          </trim>
        </if>
      </foreach>
    </where>
  </sql>
  <sql id="Update_By_Example_Where_Clause" >
    <where >
      <foreach collection="example.oredCriteria" item="criteria" separator="or" >
        <if test="criteria.valid" >
          <trim prefix="(" suffix=")" prefixOverrides="and" >
            <foreach collection="criteria.criteria" item="criterion" >
              <choose >
                <when test="criterion.noValue" >
                  and ${criterion.condition}
                </when>
                <when test="criterion.singleValue" >
                  and ${criterion.condition} #{criterion.value}
                </when>
                <when test="criterion.betweenValue" >
                  and ${criterion.condition} #{criterion.value} and #{criterion.secondValue}
                </when>
                <when test="criterion.listValue" >
                  and ${criterion.condition}
                  <foreach collection="criterion.value" item="listItem" open="(" close=")" separator="," >
                    #{listItem}
                  </foreach>
                </when>
              </choose>
            </foreach>
          </trim>
        </if>
      </foreach>
    </where>
  </sql>
  <sql id="Base_Column_List" >
    wid, wtitle, wdes, wurl, wdescription, wkeywords, wcopyright, wrecord, wicon, wleftinfo, 
    wright, wxgzh, wxxcx, wx, wzcx
  </sql>
  <select id="selectByExample" resultMap="BaseResultMap" parameterType="com.box.entity.DbWebExample" >
    select
    <if test="distinct" >
      distinct
    </if>
    <include refid="Base_Column_List" />
    from db_web
    <if test="_parameter != null" >
      <include refid="Example_Where_Clause" />
    </if>
    <if test="orderByClause != null" >
      order by ${orderByClause}
    </if>
  </select>
  <select id="selectByPrimaryKey" resultMap="BaseResultMap" parameterType="java.lang.Integer" >
    select 
    <include refid="Base_Column_List" />
    from db_web
    where wid = #{wid,jdbcType=INTEGER}
  </select>
  <delete id="deleteByPrimaryKey" parameterType="java.lang.Integer" >
    delete from db_web
    where wid = #{wid,jdbcType=INTEGER}
  </delete>
  <delete id="deleteByExample" parameterType="com.box.entity.DbWebExample" >
    delete from db_web
    <if test="_parameter != null" >
      <include refid="Example_Where_Clause" />
    </if>
  </delete>
  <insert id="insert" parameterType="com.box.entity.DbWeb" >
    insert into db_web (wid, wtitle, wdes, 
      wurl, wdescription, wkeywords, 
      wcopyright, wrecord, wicon, 
      wleftinfo, wright, wxgzh, 
      wxxcx, wx, wzcx)
    values (#{wid,jdbcType=INTEGER}, #{wtitle,jdbcType=VARCHAR}, #{wdes,jdbcType=VARCHAR}, 
      #{wurl,jdbcType=VARCHAR}, #{wdescription,jdbcType=VARCHAR}, #{wkeywords,jdbcType=VARCHAR}, 
      #{wcopyright,jdbcType=VARCHAR}, #{wrecord,jdbcType=VARCHAR}, #{wicon,jdbcType=VARCHAR}, 
      #{wleftinfo,jdbcType=VARCHAR}, #{wright,jdbcType=VARCHAR}, #{wxgzh,jdbcType=VARCHAR}, 
      #{wxxcx,jdbcType=VARCHAR}, #{wx,jdbcType=VARCHAR}, #{wzcx,jdbcType=VARCHAR})
  </insert>
  <insert id="insertSelective" parameterType="com.box.entity.DbWeb" >
    insert into db_web
    <trim prefix="(" suffix=")" suffixOverrides="," >
      <if test="wid != null" >
        wid,
      </if>
      <if test="wtitle != null" >
        wtitle,
      </if>
      <if test="wdes != null" >
        wdes,
      </if>
      <if test="wurl != null" >
        wurl,
      </if>
      <if test="wdescription != null" >
        wdescription,
      </if>
      <if test="wkeywords != null" >
        wkeywords,
      </if>
      <if test="wcopyright != null" >
        wcopyright,
      </if>
      <if test="wrecord != null" >
        wrecord,
      </if>
      <if test="wicon != null" >
        wicon,
      </if>
      <if test="wleftinfo != null" >
        wleftinfo,
      </if>
      <if test="wright != null" >
        wright,
      </if>
      <if test="wxgzh != null" >
        wxgzh,
      </if>
      <if test="wxxcx != null" >
        wxxcx,
      </if>
      <if test="wx != null" >
        wx,
      </if>
      <if test="wzcx != null" >
        wzcx,
      </if>
    </trim>
    <trim prefix="values (" suffix=")" suffixOverrides="," >
      <if test="wid != null" >
        #{wid,jdbcType=INTEGER},
      </if>
      <if test="wtitle != null" >
        #{wtitle,jdbcType=VARCHAR},
      </if>
      <if test="wdes != null" >
        #{wdes,jdbcType=VARCHAR},
      </if>
      <if test="wurl != null" >
        #{wurl,jdbcType=VARCHAR},
      </if>
      <if test="wdescription != null" >
        #{wdescription,jdbcType=VARCHAR},
      </if>
      <if test="wkeywords != null" >
        #{wkeywords,jdbcType=VARCHAR},
      </if>
      <if test="wcopyright != null" >
        #{wcopyright,jdbcType=VARCHAR},
      </if>
      <if test="wrecord != null" >
        #{wrecord,jdbcType=VARCHAR},
      </if>
      <if test="wicon != null" >
        #{wicon,jdbcType=VARCHAR},
      </if>
      <if test="wleftinfo != null" >
        #{wleftinfo,jdbcType=VARCHAR},
      </if>
      <if test="wright != null" >
        #{wright,jdbcType=VARCHAR},
      </if>
      <if test="wxgzh != null" >
        #{wxgzh,jdbcType=VARCHAR},
      </if>
      <if test="wxxcx != null" >
        #{wxxcx,jdbcType=VARCHAR},
      </if>
      <if test="wx != null" >
        #{wx,jdbcType=VARCHAR},
      </if>
      <if test="wzcx != null" >
        #{wzcx,jdbcType=VARCHAR},
      </if>
    </trim>
  </insert>
  <select id="countByExample" parameterType="com.box.entity.DbWebExample" resultType="java.lang.Integer" >
    select count(*) from db_web
    <if test="_parameter != null" >
      <include refid="Example_Where_Clause" />
    </if>
  </select>
  <update id="updateByExampleSelective" parameterType="map" >
    update db_web
    <set >
      <if test="record.wid != null" >
        wid = #{record.wid,jdbcType=INTEGER},
      </if>
      <if test="record.wtitle != null" >
        wtitle = #{record.wtitle,jdbcType=VARCHAR},
      </if>
      <if test="record.wdes != null" >
        wdes = #{record.wdes,jdbcType=VARCHAR},
      </if>
      <if test="record.wurl != null" >
        wurl = #{record.wurl,jdbcType=VARCHAR},
      </if>
      <if test="record.wdescription != null" >
        wdescription = #{record.wdescription,jdbcType=VARCHAR},
      </if>
      <if test="record.wkeywords != null" >
        wkeywords = #{record.wkeywords,jdbcType=VARCHAR},
      </if>
      <if test="record.wcopyright != null" >
        wcopyright = #{record.wcopyright,jdbcType=VARCHAR},
      </if>
      <if test="record.wrecord != null" >
        wrecord = #{record.wrecord,jdbcType=VARCHAR},
      </if>
      <if test="record.wicon != null" >
        wicon = #{record.wicon,jdbcType=VARCHAR},
      </if>
      <if test="record.wleftinfo != null" >
        wleftinfo = #{record.wleftinfo,jdbcType=VARCHAR},
      </if>
      <if test="record.wright != null" >
        wright = #{record.wright,jdbcType=VARCHAR},
      </if>
      <if test="record.wxgzh != null" >
        wxgzh = #{record.wxgzh,jdbcType=VARCHAR},
      </if>
      <if test="record.wxxcx != null" >
        wxxcx = #{record.wxxcx,jdbcType=VARCHAR},
      </if>
      <if test="record.wx != null" >
        wx = #{record.wx,jdbcType=VARCHAR},
      </if>
      <if test="record.wzcx != null" >
        wzcx = #{record.wzcx,jdbcType=VARCHAR},
      </if>
    </set>
    <if test="_parameter != null" >
      <include refid="Update_By_Example_Where_Clause" />
    </if>
  </update>
  <update id="updateByExample" parameterType="map" >
    update db_web
    set wid = #{record.wid,jdbcType=INTEGER},
      wtitle = #{record.wtitle,jdbcType=VARCHAR},
      wdes = #{record.wdes,jdbcType=VARCHAR},
      wurl = #{record.wurl,jdbcType=VARCHAR},
      wdescription = #{record.wdescription,jdbcType=VARCHAR},
      wkeywords = #{record.wkeywords,jdbcType=VARCHAR},
      wcopyright = #{record.wcopyright,jdbcType=VARCHAR},
      wrecord = #{record.wrecord,jdbcType=VARCHAR},
      wicon = #{record.wicon,jdbcType=VARCHAR},
      wleftinfo = #{record.wleftinfo,jdbcType=VARCHAR},
      wright = #{record.wright,jdbcType=VARCHAR},
      wxgzh = #{record.wxgzh,jdbcType=VARCHAR},
      wxxcx = #{record.wxxcx,jdbcType=VARCHAR},
      wx = #{record.wx,jdbcType=VARCHAR},
      wzcx = #{record.wzcx,jdbcType=VARCHAR}
    <if test="_parameter != null" >
      <include refid="Update_By_Example_Where_Clause" />
    </if>
  </update>
  <update id="updateByPrimaryKeySelective" parameterType="com.box.entity.DbWeb" >
    update db_web
    <set >
      <if test="wtitle != null" >
        wtitle = #{wtitle,jdbcType=VARCHAR},
      </if>
      <if test="wdes != null" >
        wdes = #{wdes,jdbcType=VARCHAR},
      </if>
      <if test="wurl != null" >
        wurl = #{wurl,jdbcType=VARCHAR},
      </if>
      <if test="wdescription != null" >
        wdescription = #{wdescription,jdbcType=VARCHAR},
      </if>
      <if test="wkeywords != null" >
        wkeywords = #{wkeywords,jdbcType=VARCHAR},
      </if>
      <if test="wcopyright != null" >
        wcopyright = #{wcopyright,jdbcType=VARCHAR},
      </if>
      <if test="wrecord != null" >
        wrecord = #{wrecord,jdbcType=VARCHAR},
      </if>
      <if test="wicon != null" >
        wicon = #{wicon,jdbcType=VARCHAR},
      </if>
      <if test="wleftinfo != null" >
        wleftinfo = #{wleftinfo,jdbcType=VARCHAR},
      </if>
      <if test="wright != null" >
        wright = #{wright,jdbcType=VARCHAR},
      </if>
      <if test="wxgzh != null" >
        wxgzh = #{wxgzh,jdbcType=VARCHAR},
      </if>
      <if test="wxxcx != null" >
        wxxcx = #{wxxcx,jdbcType=VARCHAR},
      </if>
      <if test="wx != null" >
        wx = #{wx,jdbcType=VARCHAR},
      </if>
      <if test="wzcx != null" >
        wzcx = #{wzcx,jdbcType=VARCHAR},
      </if>
    </set>
    where wid = #{wid,jdbcType=INTEGER}
  </update>
  <update id="updateByPrimaryKey" parameterType="com.box.entity.DbWeb" >
    update db_web
    set wtitle = #{wtitle,jdbcType=VARCHAR},
      wdes = #{wdes,jdbcType=VARCHAR},
      wurl = #{wurl,jdbcType=VARCHAR},
      wdescription = #{wdescription,jdbcType=VARCHAR},
      wkeywords = #{wkeywords,jdbcType=VARCHAR},
      wcopyright = #{wcopyright,jdbcType=VARCHAR},
      wrecord = #{wrecord,jdbcType=VARCHAR},
      wicon = #{wicon,jdbcType=VARCHAR},
      wleftinfo = #{wleftinfo,jdbcType=VARCHAR},
      wright = #{wright,jdbcType=VARCHAR},
      wxgzh = #{wxgzh,jdbcType=VARCHAR},
      wxxcx = #{wxxcx,jdbcType=VARCHAR},
      wx = #{wx,jdbcType=VARCHAR},
      wzcx = #{wzcx,jdbcType=VARCHAR}
    where wid = #{wid,jdbcType=INTEGER}
  </update>
</mapper>